# G(F)=a*H_soc+b*R_soc+c*H_soc*R_soc; H_soc=H_scene-mean_i H(singleton_i); R_soc=R_scene-mean_i R(singleton_i); scene includes adaptive voices plus fixed drone
step,baseline_g_scene,baseline_h_scene,baseline_h_single_mean,baseline_h_social,baseline_r_scene,baseline_r_single_mean,baseline_r_social,nohill_g_scene,nohill_h_scene,nohill_h_single_mean,nohill_h_social,nohill_r_scene,nohill_r_single_mean,nohill_r_social
0,-24.659315,1.119040,1.167365,-0.048325,18.266708,0.000548,18.266159,-24.659315,1.119040,1.167365,-0.048325,18.266708,0.000548,18.266159
1,-24.659315,1.119040,1.167365,-0.048325,18.266708,0.000548,18.266159,-24.622065,1.119979,1.167365,-0.047387,18.239115,0.000548,18.238565
2,-25.391657,1.112843,1.167188,-0.054345,18.809183,0.000549,18.808634,-24.622065,1.119979,1.167365,-0.047387,18.239115,0.000548,18.238565
3,-25.424465,1.107777,1.167345,-0.059568,18.833506,0.000568,18.832937,-24.624729,1.129279,1.167365,-0.038086,18.241089,0.000550,18.240540
4,-25.295887,1.082232,1.167346,-0.085114,18.738262,0.000568,18.737694,-24.624729,1.129279,1.167365,-0.038086,18.241089,0.000550,18.240540
5,-26.110752,1.069003,1.167351,-0.098348,19.341864,0.000567,19.341297,-24.898987,1.125798,1.167365,-0.041567,18.444242,0.000550,18.443693
6,-25.969551,1.066489,1.167326,-0.100837,19.237268,0.000565,19.236704,-24.701273,1.120680,1.167365,-0.046685,18.297789,0.000550,18.297239
7,-26.242867,1.053205,1.167325,-0.114120,19.439724,0.000565,19.439159,-24.823315,1.107980,1.167365,-0.059385,18.388189,0.000550,18.387640
8,-27.357168,1.062663,1.166845,-0.104182,20.265116,0.000548,20.264568,-24.804502,1.125522,1.167365,-0.041843,18.374254,0.000549,18.373705
9,-28.022690,1.065714,1.166889,-0.101175,20.758116,0.000568,20.757547,-24.656681,1.132288,1.167365,-0.035078,18.264755,0.000547,18.264208
10,-28.022690,1.065714,1.166889,-0.101175,20.758116,0.000568,20.757547,-24.556833,1.145738,1.167373,-0.021635,18.190802,0.000554,18.190247
11,-28.343019,1.038862,1.166798,-0.127937,20.995396,0.000567,20.994829,-24.695778,1.125118,1.167373,-0.042255,18.293724,0.000555,18.293169
12,-28.343019,1.038862,1.166798,-0.127937,20.995396,0.000567,20.994829,-24.643250,1.139576,1.167420,-0.027844,18.254814,0.000555,18.254259
13,-28.343019,1.038862,1.166798,-0.127937,20.995396,0.000567,20.994829,-24.653357,1.139182,1.167420,-0.028239,18.262300,0.000555,18.261745
14,-28.609385,1.024737,1.166798,-0.142062,21.192703,0.000567,21.192137,-24.533049,1.155717,1.167420,-0.011703,18.173183,0.000555,18.172628
15,-28.621012,1.022389,1.166798,-0.144410,21.201315,0.000567,21.200748,-24.479830,1.160528,1.167420,-0.006893,18.133762,0.000555,18.133207
16,-28.698503,1.007017,1.166798,-0.159781,21.258717,0.000567,21.258150,-24.622944,1.148500,1.167420,-0.018919,18.239773,0.000555,18.239218
17,-28.733757,1.004707,1.166798,-0.162091,21.284830,0.000566,21.284264,-24.699570,1.144235,1.167420,-0.023185,18.296532,0.000555,18.295977
18,-28.733757,1.004707,1.166798,-0.162091,21.284830,0.000566,21.284264,-24.633675,1.155271,1.167420,-0.012149,18.247721,0.000555,18.247166
19,-28.733757,1.004707,1.166798,-0.162091,21.284830,0.000566,21.284264,-24.919329,1.141124,1.167417,-0.026293,18.459316,0.000555,18.458761
20,-28.756310,0.999582,1.166425,-0.166843,21.301527,0.000557,21.300970,-24.891396,1.138116,1.167502,-0.029386,18.438625,0.000555,18.438070
21,-28.756310,0.999582,1.166425,-0.166843,21.301527,0.000557,21.300970,-24.920029,1.135030,1.167502,-0.032472,18.459835,0.000555,18.459280
22,-28.756310,0.999582,1.166425,-0.166843,21.301527,0.000557,21.300970,-24.794617,1.127399,1.167502,-0.040103,18.366938,0.000555,18.366383
23,-28.756310,0.999582,1.166425,-0.166843,21.301527,0.000557,21.300970,-24.893494,1.121055,1.167502,-0.046448,18.440180,0.000555,18.439625
24,-28.771244,0.999226,1.166425,-0.167199,21.312588,0.000556,21.312033,-24.809490,1.101718,1.167502,-0.065784,18.377953,0.000554,18.377399
25,-28.771244,0.999226,1.166425,-0.167199,21.312588,0.000556,21.312033,-25.116505,1.100920,1.167502,-0.066582,18.605371,0.000554,18.604818
26,-28.673706,0.994242,1.166455,-0.172214,21.240351,0.000568,21.239782,-25.107758,1.100646,1.167502,-0.066856,18.598894,0.000556,18.598339
27,-28.673706,0.994242,1.166455,-0.172214,21.240351,0.000568,21.239782,-25.148449,1.108175,1.167502,-0.059326,18.629036,0.000556,18.628481
28,-28.673706,0.994242,1.166455,-0.172214,21.240351,0.000568,21.239782,-25.359669,1.125496,1.167502,-0.042006,18.785494,0.000555,18.784939
29,-28.698080,0.994778,1.166455,-0.171677,21.258406,0.000567,21.257837,-25.285284,1.120562,1.167502,-0.046940,18.730394,0.000555,18.729839
30,-28.698080,0.994778,1.166455,-0.171677,21.258406,0.000567,21.257837,-25.514547,1.136307,1.167502,-0.031195,18.900219,0.000555,18.899664
31,-28.698080,0.994778,1.166455,-0.171677,21.258406,0.000567,21.257837,-25.554676,1.144958,1.167502,-0.022544,18.929943,0.000554,18.929390
32,-28.698080,0.994778,1.166455,-0.171677,21.258406,0.000567,21.257837,-25.647703,1.163287,1.167502,-0.004214,18.998854,0.000555,18.998299
33,-28.698080,0.994778,1.166455,-0.171677,21.258406,0.000567,21.257837,-25.647703,1.163287,1.167502,-0.004214,18.998854,0.000555,18.998299
34,-28.698080,0.994778,1.166455,-0.171677,21.258406,0.000567,21.257837,-25.682495,1.153998,1.167502,-0.013504,19.024626,0.000555,19.024071
35,-28.684998,0.985414,1.166504,-0.181090,21.248714,0.000567,21.248146,-25.805399,1.132587,1.167453,-0.034865,19.115665,0.000555,19.115110
36,-28.684998,0.985414,1.166504,-0.181090,21.248714,0.000567,21.248146,-25.808393,1.136484,1.167457,-0.030974,19.117884,0.000555,19.117329
37,-28.693720,0.984727,1.166504,-0.181777,21.255175,0.000567,21.254606,-25.867373,1.142314,1.167457,-0.025144,19.161572,0.000555,19.161016
38,-28.685848,0.980888,1.166504,-0.185616,21.249344,0.000567,21.248775,-25.835533,1.127662,1.167457,-0.039796,19.137987,0.000555,19.137432
39,-28.685848,0.980888,1.166504,-0.185616,21.249344,0.000567,21.248775,-25.826902,1.141013,1.167458,-0.026446,19.131594,0.000555,19.131039
40,-28.722090,0.980158,1.166504,-0.186346,21.276188,0.000567,21.275621,-25.484016,1.154794,1.167458,-0.012664,18.877604,0.000555,18.877048
41,-28.722090,0.980158,1.166504,-0.186346,21.276188,0.000567,21.275621,-25.346670,1.153972,1.167458,-0.013486,18.775866,0.000555,18.775311
42,-28.722090,0.980158,1.166504,-0.186346,21.276188,0.000567,21.275621,-25.324308,1.153951,1.167458,-0.013506,18.759302,0.000555,18.758747
43,-28.722090,0.980158,1.166504,-0.186346,21.276188,0.000567,21.275621,-25.258595,1.145593,1.167462,-0.021869,18.710627,0.000556,18.710070
44,-28.722090,0.980158,1.166504,-0.186346,21.276188,0.000567,21.275621,-25.153929,1.128470,1.167462,-0.038991,18.633097,0.000557,18.632540
45,-28.722090,0.980158,1.166504,-0.186346,21.276188,0.000567,21.275621,-25.051079,1.126401,1.167462,-0.041061,18.556911,0.000556,18.556355
46,-28.722090,0.980158,1.166504,-0.186346,21.276188,0.000567,21.275621,-25.024370,1.126222,1.167462,-0.041240,18.537127,0.000556,18.536570
47,-28.722090,0.980158,1.166504,-0.186346,21.276188,0.000567,21.275621,-25.140955,1.126225,1.167462,-0.041237,18.623487,0.000558,18.622929
48,-28.722090,0.980158,1.166504,-0.186346,21.276188,0.000567,21.275621,-25.212040,1.130349,1.167462,-0.037112,18.676144,0.000558,18.675585
49,-28.722090,0.980158,1.166504,-0.186346,21.276188,0.000567,21.275621,-25.209179,1.113570,1.167462,-0.053892,18.674021,0.000555,18.673466
50,-28.722090,0.980158,1.166504,-0.186346,21.276188,0.000567,21.275621,-25.209179,1.113570,1.167462,-0.053892,18.674021,0.000555,18.673466
51,-28.722090,0.980158,1.166504,-0.186346,21.276188,0.000567,21.275621,-25.227888,1.115675,1.167462,-0.051787,18.687880,0.000555,18.687325
52,-28.722090,0.980158,1.166504,-0.186346,21.276188,0.000567,21.275621,-24.984716,1.117677,1.167462,-0.049785,18.507751,0.000556,18.507196
53,-28.722090,0.980158,1.166504,-0.186346,21.276188,0.000567,21.275621,-24.971388,1.118423,1.167462,-0.049039,18.497879,0.000556,18.497324
54,-28.722090,0.980158,1.166504,-0.186346,21.276188,0.000567,21.275621,-25.008417,1.121549,1.167462,-0.045913,18.525309,0.000555,18.524754
55,-28.722090,0.980158,1.166504,-0.186346,21.276188,0.000567,21.275621,-24.972660,1.127704,1.167462,-0.039757,18.498821,0.000555,18.498266
56,-28.722090,0.980158,1.166504,-0.186346,21.276188,0.000567,21.275621,-25.034460,1.118842,1.167455,-0.048613,18.544592,0.000548,18.544044
57,-28.722090,0.980158,1.166504,-0.186346,21.276188,0.000567,21.275621,-25.174004,1.118153,1.167455,-0.049301,18.647959,0.000548,18.647409
58,-28.722090,0.980158,1.166504,-0.186346,21.276188,0.000567,21.275621,-25.156027,1.120810,1.167455,-0.046645,18.634644,0.000548,18.634094
59,-28.722090,0.980158,1.166504,-0.186346,21.276188,0.000567,21.275621,-25.144199,1.120784,1.167450,-0.046666,18.625881,0.000548,18.625332
60,-28.722090,0.980158,1.166504,-0.186346,21.276188,0.000567,21.275621,-25.261242,1.108768,1.167450,-0.058682,18.712580,0.000549,18.712030
61,-28.722090,0.980158,1.166504,-0.186346,21.276188,0.000567,21.275621,-25.261242,1.108768,1.167450,-0.058682,18.712580,0.000549,18.712030
62,-28.721420,0.974711,1.166504,-0.191792,21.275692,0.000567,21.275126,-25.273727,1.106567,1.167449,-0.060882,18.721828,0.000549,18.721279
63,-28.721420,0.974711,1.166504,-0.191792,21.275692,0.000567,21.275126,-24.885761,1.102445,1.167447,-0.065002,18.434446,0.000549,18.433897
64,-28.721420,0.974711,1.166504,-0.191792,21.275692,0.000567,21.275126,-24.941769,1.096037,1.167446,-0.071410,18.475933,0.000549,18.475384
65,-28.721420,0.974711,1.166504,-0.191792,21.275692,0.000567,21.275126,-24.779268,1.088357,1.167446,-0.079090,18.355562,0.000549,18.355013
66,-28.721420,0.974711,1.166504,-0.191792,21.275692,0.000567,21.275126,-24.666885,1.092756,1.167446,-0.074690,18.272318,0.000551,18.271767
67,-28.721420,0.974711,1.166504,-0.191792,21.275692,0.000567,21.275126,-24.549139,1.097022,1.167446,-0.070425,18.185099,0.000552,18.184547
68,-28.721420,0.974711,1.166504,-0.191792,21.275692,0.000567,21.275126,-24.815390,1.104879,1.167446,-0.062568,18.382322,0.000552,18.381769
69,-28.721420,0.974711,1.166504,-0.191792,21.275692,0.000567,21.275126,-25.078487,1.100335,1.167448,-0.067113,18.577209,0.000552,18.576656
70,-28.721420,0.974711,1.166504,-0.191792,21.275692,0.000567,21.275126,-25.068998,1.099061,1.167448,-0.068387,18.570179,0.000552,18.569628
71,-28.721420,0.974711,1.166504,-0.191792,21.275692,0.000567,21.275126,-25.056845,1.095387,1.167448,-0.072061,18.561176,0.000552,18.560625
72,-28.721420,0.974711,1.166504,-0.191792,21.275692,0.000567,21.275126,-25.128260,1.100092,1.167449,-0.067357,18.614077,0.000552,18.613525
73,-28.721420,0.974711,1.166504,-0.191792,21.275692,0.000567,21.275126,-25.008085,1.109379,1.167449,-0.058069,18.525059,0.000552,18.524508
74,-28.721420,0.974711,1.166504,-0.191792,21.275692,0.000567,21.275126,-25.007050,1.125835,1.167449,-0.041614,18.524292,0.000552,18.523741
75,-28.721420,0.974711,1.166504,-0.191792,21.275692,0.000567,21.275126,-25.301756,1.136974,1.167449,-0.030475,18.742592,0.000552,18.742041
76,-28.721420,0.974711,1.166504,-0.191792,21.275692,0.000567,21.275126,-25.224724,1.140779,1.167449,-0.026669,18.685532,0.000552,18.684980
77,-28.721420,0.974711,1.166504,-0.191792,21.275692,0.000567,21.275126,-25.014502,1.140948,1.167449,-0.026500,18.529814,0.000553,18.529261
78,-28.721420,0.974711,1.166504,-0.191792,21.275692,0.000567,21.275126,-24.989937,1.135953,1.167449,-0.031495,18.511618,0.000554,18.511065
79,-28.721420,0.974711,1.166504,-0.191792,21.275692,0.000567,21.275126,-24.937643,1.152054,1.167449,-0.015394,18.472885,0.000558,18.472328
80,-28.721420,0.974711,1.166504,-0.191792,21.275692,0.000567,21.275126,-24.912495,1.155123,1.167449,-0.012326,18.454256,0.000558,18.453699
81,-28.721420,0.974711,1.166504,-0.191792,21.275692,0.000567,21.275126,-24.848051,1.141209,1.167450,-0.026241,18.406521,0.000558,18.405964
82,-28.721420,0.974711,1.166504,-0.191792,21.275692,0.000567,21.275126,-24.812260,1.138577,1.167449,-0.028872,18.380009,0.000558,18.379452
83,-28.721420,0.974711,1.166504,-0.191792,21.275692,0.000567,21.275126,-24.608414,1.128939,1.167449,-0.038510,18.229012,0.000557,18.228455
84,-28.721420,0.974711,1.166504,-0.191792,21.275692,0.000567,21.275126,-24.611111,1.124871,1.167449,-0.042579,18.231009,0.000557,18.230452
85,-28.721420,0.974711,1.166504,-0.191792,21.275692,0.000567,21.275126,-24.456152,1.134317,1.167450,-0.033133,18.116224,0.000557,18.115667
86,-28.721420,0.974711,1.166504,-0.191792,21.275692,0.000567,21.275126,-24.488722,1.133285,1.167450,-0.034165,18.140350,0.000557,18.139793
87,-28.721420,0.974711,1.166504,-0.191792,21.275692,0.000567,21.275126,-24.284489,1.130298,1.167451,-0.037153,17.989067,0.000557,17.988510
88,-28.721420,0.974711,1.166504,-0.191792,21.275692,0.000567,21.275126,-24.622648,1.115792,1.167451,-0.051658,18.239555,0.000557,18.238998
89,-28.721420,0.974711,1.166504,-0.191792,21.275692,0.000567,21.275126,-24.657467,1.122878,1.167451,-0.044572,18.265348,0.000559,18.264790
90,-28.721420,0.974711,1.166504,-0.191792,21.275692,0.000567,21.275126,-24.634645,1.108538,1.167471,-0.058933,18.248444,0.000560,18.247885
91,-28.721420,0.974711,1.166504,-0.191792,21.275692,0.000567,21.275126,-24.584280,1.108326,1.167471,-0.059146,18.211136,0.000559,18.210577
92,-28.721420,0.974711,1.166504,-0.191792,21.275692,0.000567,21.275126,-24.408085,1.082401,1.167470,-0.085069,18.080622,0.000560,18.080063
93,-28.721420,0.974711,1.166504,-0.191792,21.275692,0.000567,21.275126,-24.405191,1.083296,1.167470,-0.084174,18.078480,0.000561,18.077919
94,-28.721420,0.974711,1.166504,-0.191792,21.275692,0.000567,21.275126,-24.427073,1.083084,1.167470,-0.084386,18.094688,0.000561,18.094128
95,-28.721420,0.974711,1.166504,-0.191792,21.275692,0.000567,21.275126,-24.773937,1.078237,1.167469,-0.089232,18.351625,0.000561,18.351065
96,-28.721420,0.974711,1.166504,-0.191792,21.275692,0.000567,21.275126,-24.765429,1.074664,1.167469,-0.092805,18.345322,0.000560,18.344761
97,-28.545326,1.001274,1.166504,-0.165230,21.145254,0.000568,21.144686,-24.798645,1.079546,1.167474,-0.087928,18.369926,0.000560,18.369366
98,-28.357586,1.024961,1.166407,-0.141446,21.006186,0.000567,21.005619,-25.097486,1.081159,1.167474,-0.086315,18.591290,0.000560,18.590731
99,-28.121727,1.040909,1.166408,-0.125500,20.831474,0.000567,20.830908,-25.072863,1.079187,1.167474,-0.088287,18.573050,0.000560,18.572491
100,-27.715967,1.055827,1.166425,-0.110599,20.530916,0.000571,20.530346,-25.244705,1.069902,1.167474,-0.097572,18.700340,0.000559,18.699781
101,-27.715967,1.055827,1.166425,-0.110599,20.530916,0.000571,20.530346,-25.244705,1.069902,1.167474,-0.097572,18.700340,0.000559,18.699781
102,-27.778397,1.096985,1.166419,-0.069435,20.577148,0.000560,20.576590,-25.299051,1.078004,1.167474,-0.089470,18.740593,0.000555,18.740038
103,-27.171032,1.129527,1.166424,-0.036897,20.127249,0.000559,20.126690,-25.286644,1.079464,1.167474,-0.088010,18.731401,0.000555,18.730846
104,-27.073967,1.171144,1.166752,0.004393,20.124079,0.000559,20.123520,-25.359289,1.079215,1.167473,-0.088259,18.785213,0.000555,18.784658
105,-25.748457,1.203204,1.166750,0.036454,19.630556,0.000559,19.629997,-25.377827,1.081717,1.167474,-0.085757,18.798944,0.000555,18.798389
106,-23.912163,1.227676,1.166767,0.060909,18.597437,0.000560,18.596876,-25.458391,1.091146,1.167474,-0.076328,18.858622,0.000555,18.858067
107,-22.487131,1.265214,1.166757,0.098457,18.046749,0.000559,18.046190,-25.432520,1.102410,1.167474,-0.065064,18.839458,0.000555,18.838903
108,-20.766075,1.318150,1.166865,0.151285,17.450380,0.000564,17.449816,-25.427164,1.111269,1.167474,-0.056205,18.835491,0.000555,18.834936
109,-19.469515,1.327761,1.166881,0.160881,16.508913,0.000566,16.508347,-25.482157,1.108403,1.167474,-0.059070,18.876226,0.000555,18.875671
110,-19.093065,1.350101,1.166887,0.183213,16.521391,0.000566,16.520824,-25.482157,1.108403,1.167474,-0.059070,18.876226,0.000555,18.875671
111,-17.949240,1.386569,1.166898,0.219671,16.074564,0.000565,16.073999,-25.655090,1.121623,1.167474,-0.045851,19.004326,0.000555,19.003771
112,-17.949240,1.386569,1.166898,0.219671,16.074564,0.000565,16.073999,-25.600090,1.121915,1.167474,-0.045559,18.963583,0.000553,18.963030
113,-17.133598,1.421308,1.166898,0.254409,15.871464,0.000565,15.870899,-25.597673,1.126821,1.167459,-0.040638,18.961792,0.000553,18.961239
114,-15.510934,1.442907,1.167007,0.275900,14.698299,0.000567,14.697732,-25.713463,1.127873,1.167459,-0.039586,19.047562,0.000553,19.047009
115,-14.199791,1.442423,1.167024,0.275398,13.470851,0.000569,13.470283,-26.045076,1.136976,1.167461,-0.030485,19.293201,0.000553,19.292648
116,-12.323824,1.459290,1.166561,0.292729,11.933688,0.000556,11.933132,-26.014091,1.128656,1.167461,-0.038804,19.270250,0.000553,19.269697
117,-12.164188,1.470033,1.166561,0.303471,11.913903,0.000556,11.913347,-26.035711,1.135059,1.167461,-0.032402,19.286264,0.000553,19.285711
118,-12.023008,1.479666,1.166644,0.313023,11.896697,0.000556,11.896141,-26.176445,1.119812,1.167461,-0.047648,19.390512,0.000553,19.389959
119,-10.548312,1.493574,1.167340,0.326234,10.622704,0.000602,10.622101,-26.111107,1.107561,1.167461,-0.059899,19.342112,0.000551,19.341560
120,-9.953797,1.508604,1.167340,0.341264,10.206511,0.000603,10.205908,-26.096371,1.111573,1.167461,-0.055887,19.331196,0.000551,19.330645
121,-9.881331,1.527720,1.167461,0.360259,10.348357,0.000605,10.347752,-26.096371,1.111573,1.167461,-0.055887,19.331196,0.000551,19.330645
122,-9.379200,1.548632,1.167496,0.381136,10.074607,0.000605,10.074001,-26.096371,1.111573,1.167461,-0.055887,19.331196,0.000551,19.330645
123,-9.379200,1.548632,1.167496,0.381136,10.074607,0.000605,10.074001,-26.146109,1.114383,1.167461,-0.053078,19.368036,0.000550,19.367487
124,-9.203688,1.565046,1.167632,0.397413,10.079591,0.000614,10.078978,-26.131676,1.118744,1.167461,-0.048716,19.357346,0.000550,19.356796
125,-9.203688,1.565046,1.167632,0.397413,10.079591,0.000614,10.078978,-26.131676,1.118744,1.167461,-0.048716,19.357346,0.000550,19.356796
126,-9.203688,1.565046,1.167632,0.397413,10.079591,0.000614,10.078978,-26.271242,1.126736,1.167460,-0.040724,19.460728,0.000550,19.460178
127,-9.203688,1.565046,1.167632,0.397413,10.079591,0.000614,10.078978,-26.324104,1.113135,1.167460,-0.054325,19.499886,0.000550,19.499336
128,-9.203688,1.565046,1.167632,0.397413,10.079591,0.000614,10.078978,-26.311438,1.117065,1.167460,-0.050395,19.490503,0.000550,19.489954
129,-9.203688,1.565046,1.167632,0.397413,10.079591,0.000614,10.078978,-26.449274,1.121890,1.167460,-0.045570,19.592604,0.000550,19.592054
130,-9.203688,1.565046,1.167632,0.397413,10.079591,0.000614,10.078978,-26.476988,1.097018,1.167460,-0.070441,19.613132,0.000550,19.612583
131,-9.203688,1.565046,1.167632,0.397413,10.079591,0.000614,10.078978,-26.522015,1.088486,1.167459,-0.078973,19.646486,0.000550,19.645937
132,-9.203688,1.565046,1.167632,0.397413,10.079591,0.000614,10.078978,-26.509985,1.089900,1.167459,-0.077559,19.637575,0.000550,19.637026
133,-9.203688,1.565046,1.167632,0.397413,10.079591,0.000614,10.078978,-26.532295,1.088652,1.167459,-0.078806,19.654100,0.000550,19.653551
134,-9.203688,1.565046,1.167632,0.397413,10.079591,0.000614,10.078978,-26.528744,1.083316,1.167459,-0.084144,19.651470,0.000550,19.650921
135,-9.203688,1.565046,1.167632,0.397413,10.079591,0.000614,10.078978,-26.537968,1.096432,1.167459,-0.071027,19.658302,0.000549,19.657753
136,-9.203688,1.565046,1.167632,0.397413,10.079591,0.000614,10.078978,-26.553192,1.092913,1.167481,-0.074568,19.669580,0.000550,19.669031
137,-9.203688,1.565046,1.167632,0.397413,10.079591,0.000614,10.078978,-26.553192,1.092913,1.167481,-0.074568,19.669580,0.000550,19.669031
138,-9.203688,1.565046,1.167632,0.397413,10.079591,0.000614,10.078978,-26.421169,1.077240,1.167480,-0.090240,19.571785,0.000550,19.571236
139,-9.203688,1.565046,1.167632,0.397413,10.079591,0.000614,10.078978,-26.606251,1.088408,1.167480,-0.079072,19.708885,0.000552,19.708334
140,-9.203688,1.565046,1.167632,0.397413,10.079591,0.000614,10.078978,-26.547541,1.092948,1.167480,-0.074532,19.665396,0.000552,19.664845
141,-9.203688,1.565046,1.167632,0.397413,10.079591,0.000614,10.078978,-26.624670,1.087409,1.167304,-0.079895,19.722528,0.000552,19.721977
142,-9.203688,1.565046,1.167632,0.397413,10.079591,0.000614,10.078978,-26.640972,1.081889,1.167304,-0.085414,19.734606,0.000552,19.734053
143,-9.203688,1.565046,1.167632,0.397413,10.079591,0.000614,10.078978,-26.674963,1.078076,1.167304,-0.089227,19.759785,0.000552,19.759232
144,-9.203688,1.565046,1.167632,0.397413,10.079591,0.000614,10.078978,-26.674963,1.078076,1.167304,-0.089227,19.759785,0.000552,19.759232
145,-9.203688,1.565046,1.167632,0.397413,10.079591,0.000614,10.078978,-26.676094,1.085928,1.167304,-0.081375,19.760622,0.000552,19.760069
146,-9.203688,1.565046,1.167632,0.397413,10.079591,0.000614,10.078978,-26.609264,1.082441,1.167304,-0.084863,19.711119,0.000553,19.710566
147,-9.203688,1.565046,1.167632,0.397413,10.079591,0.000614,10.078978,-26.640770,1.081412,1.167304,-0.085891,19.734457,0.000552,19.733904
148,-9.203688,1.565046,1.167632,0.397413,10.079591,0.000614,10.078978,-26.570068,1.090700,1.167311,-0.076611,19.682091,0.000559,19.681532
149,-9.203688,1.565046,1.167632,0.397413,10.079591,0.000614,10.078978,-26.550468,1.096756,1.167311,-0.070556,19.667572,0.000559,19.667013
150,-9.203688,1.565046,1.167632,0.397413,10.079591,0.000614,10.078978,-26.539927,1.095508,1.167311,-0.071803,19.659763,0.000559,19.659204
151,-9.203688,1.565046,1.167632,0.397413,10.079591,0.000614,10.078978,-26.537218,1.102187,1.167316,-0.065129,19.657757,0.000559,19.657198
152,-9.203688,1.565046,1.167632,0.397413,10.079591,0.000614,10.078978,-26.662954,1.118210,1.167316,-0.049106,19.750895,0.000559,19.750336
153,-9.203688,1.565046,1.167632,0.397413,10.079591,0.000614,10.078978,-26.639017,1.115132,1.167316,-0.052184,19.733164,0.000559,19.732605
154,-9.203688,1.565046,1.167632,0.397413,10.079591,0.000614,10.078978,-26.635275,1.117386,1.167316,-0.049930,19.730392,0.000559,19.729834
155,-9.203688,1.565046,1.167632,0.397413,10.079591,0.000614,10.078978,-26.633755,1.113356,1.167316,-0.053960,19.729265,0.000559,19.728706
156,-9.203688,1.565046,1.167632,0.397413,10.079591,0.000614,10.078978,-26.602076,1.121043,1.167316,-0.046273,19.705799,0.000559,19.705240
157,-9.203688,1.565046,1.167632,0.397413,10.079591,0.000614,10.078978,-26.555929,1.124342,1.167316,-0.042974,19.671618,0.000559,19.671059
158,-9.203688,1.565046,1.167632,0.397413,10.079591,0.000614,10.078978,-26.484264,1.123559,1.167316,-0.043757,19.618534,0.000561,19.617973
159,-9.203688,1.565046,1.167632,0.397413,10.079591,0.000614,10.078978,-26.474459,1.113509,1.167288,-0.053779,19.611271,0.000561,19.610710
160,-9.203688,1.565046,1.167632,0.397413,10.079591,0.000614,10.078978,-26.516298,1.112982,1.167288,-0.054306,19.642263,0.000561,19.641703
161,-9.203688,1.565046,1.167632,0.397413,10.079591,0.000614,10.078978,-26.346123,1.107224,1.167287,-0.060063,19.516207,0.000561,19.515646
162,-9.203688,1.565046,1.167632,0.397413,10.079591,0.000614,10.078978,-26.205313,1.088034,1.167287,-0.079253,19.411901,0.000558,19.411343
163,-9.203688,1.565046,1.167632,0.397413,10.079591,0.000614,10.078978,-25.838951,1.088429,1.167286,-0.078858,19.140522,0.000558,19.139963
164,-9.203688,1.565046,1.167632,0.397413,10.079591,0.000614,10.078978,-25.809799,1.084623,1.167369,-0.082746,19.118929,0.000558,19.118370
165,-9.203688,1.565046,1.167632,0.397413,10.079591,0.000614,10.078978,-25.683271,1.085287,1.167369,-0.082081,19.025202,0.000556,19.024645
166,-9.203688,1.565046,1.167632,0.397413,10.079591,0.000614,10.078978,-25.682978,1.084476,1.167369,-0.082893,19.024984,0.000556,19.024427
167,-9.203688,1.565046,1.167632,0.397413,10.079591,0.000614,10.078978,-25.705181,1.084446,1.167369,-0.082923,19.041430,0.000556,19.040874
168,-9.203688,1.565046,1.167632,0.397413,10.079591,0.000614,10.078978,-25.752882,1.085172,1.167369,-0.082197,19.076763,0.000556,19.076208
169,-9.203688,1.565046,1.167632,0.397413,10.079591,0.000614,10.078978,-25.711445,1.081929,1.167369,-0.085440,19.046072,0.000556,19.045515
170,-9.203688,1.565046,1.167632,0.397413,10.079591,0.000614,10.078978,-25.796967,1.072032,1.167369,-0.095337,19.109419,0.000555,19.108864
171,-9.203688,1.565046,1.167632,0.397413,10.079591,0.000614,10.078978,-25.847324,1.067717,1.167361,-0.099644,19.146715,0.000549,19.146166
172,-9.203688,1.565046,1.167632,0.397413,10.079591,0.000614,10.078978,-25.747618,1.078205,1.167362,-0.089157,19.072859,0.000549,19.072309
173,-9.203688,1.565046,1.167632,0.397413,10.079591,0.000614,10.078978,-25.756895,1.077850,1.167361,-0.089511,19.079731,0.000549,19.079182
174,-9.203688,1.565046,1.167632,0.397413,10.079591,0.000614,10.078978,-25.763210,1.082453,1.167357,-0.084904,19.084408,0.000549,19.083858
175,-9.203688,1.565046,1.167632,0.397413,10.079591,0.000614,10.078978,-25.700794,1.091072,1.167357,-0.076285,19.038174,0.000549,19.037624
176,-9.203688,1.565046,1.167632,0.397413,10.079591,0.000614,10.078978,-25.703474,1.088040,1.167357,-0.079317,19.040159,0.000549,19.039610
177,-9.203688,1.565046,1.167632,0.397413,10.079591,0.000614,10.078978,-25.704643,1.085296,1.167357,-0.082061,19.041025,0.000549,19.040476
178,-9.203688,1.565046,1.167632,0.397413,10.079591,0.000614,10.078978,-25.917294,1.096376,1.167358,-0.070982,19.198544,0.000548,19.197994
179,-9.203688,1.565046,1.167632,0.397413,10.079591,0.000614,10.078978,-25.950037,1.089247,1.167357,-0.078110,19.222799,0.000548,19.222250
180,-9.203688,1.565046,1.167632,0.397413,10.079591,0.000614,10.078978,-25.959936,1.095568,1.167357,-0.071789,19.230131,0.000548,19.229582
181,-9.203688,1.565046,1.167632,0.397413,10.079591,0.000614,10.078978,-26.123497,1.085739,1.167357,-0.081618,19.351288,0.000550,19.350739
182,-9.203688,1.565046,1.167632,0.397413,10.079591,0.000614,10.078978,-26.137552,1.092150,1.167357,-0.075207,19.361698,0.000550,19.361149
183,-9.203688,1.565046,1.167632,0.397413,10.079591,0.000614,10.078978,-26.098829,1.091460,1.167357,-0.075897,19.333015,0.000550,19.332466
184,-9.203688,1.565046,1.167632,0.397413,10.079591,0.000614,10.078978,-26.096741,1.087358,1.167357,-0.079999,19.331469,0.000550,19.330919
185,-9.203688,1.565046,1.167632,0.397413,10.079591,0.000614,10.078978,-26.134359,1.097710,1.167357,-0.069647,19.359335,0.000551,19.358784
186,-9.203688,1.565046,1.167632,0.397413,10.079591,0.000614,10.078978,-26.170860,1.097961,1.167358,-0.069397,19.386374,0.000551,19.385822
187,-9.203688,1.565046,1.167632,0.397413,10.079591,0.000614,10.078978,-26.134703,1.089094,1.167451,-0.078357,19.359591,0.000551,19.359039
188,-9.203688,1.565046,1.167632,0.397413,10.079591,0.000614,10.078978,-26.050421,1.092830,1.167449,-0.074619,19.297157,0.000550,19.296608
189,-9.203688,1.565046,1.167632,0.397413,10.079591,0.000614,10.078978,-26.060074,1.097237,1.167449,-0.070212,19.304308,0.000550,19.303759
190,-9.203688,1.565046,1.167632,0.397413,10.079591,0.000614,10.078978,-26.033346,1.098013,1.167444,-0.069431,19.284510,0.000550,19.283960
191,-9.203688,1.565046,1.167632,0.397413,10.079591,0.000614,10.078978,-25.877386,1.097716,1.167444,-0.069728,19.168983,0.000550,19.168434
192,-9.203688,1.565046,1.167632,0.397413,10.079591,0.000614,10.078978,-25.859043,1.101175,1.167444,-0.066269,19.155396,0.000550,19.154846
