condition,step,mean_c_score,ci95
heredity,0,0.064344,0.008107
heredity,100,0.064344,0.008107
heredity,200,0.064344,0.008107
heredity,300,0.066023,0.008816
heredity,400,0.067017,0.013380
heredity,500,0.069411,0.015418
heredity,600,0.063852,0.010805
heredity,700,0.071275,0.013516
heredity,800,0.087999,0.026508
heredity,900,0.090685,0.032045
heredity,1000,0.084713,0.030467
heredity,1100,0.089154,0.023659
heredity,1200,0.093660,0.027062
heredity,1300,0.094668,0.030147
heredity,1400,0.094326,0.029012
heredity,1500,0.099870,0.035157
heredity,1600,0.107219,0.045674
heredity,1700,0.089031,0.030601
heredity,1800,0.086532,0.022567
heredity,1900,0.086327,0.026791
heredity,2000,0.099616,0.036312
heredity,2100,0.102796,0.046223
heredity,2200,0.107068,0.044371
heredity,2300,0.101642,0.040916
heredity,2400,0.107501,0.044187
heredity,2500,0.118234,0.056088
heredity,2600,0.122718,0.060895
heredity,2700,0.120863,0.062705
heredity,2800,0.108385,0.049759
heredity,2900,0.114675,0.054774
heredity,3000,0.118319,0.057360
heredity,3100,0.120313,0.052929
heredity,3200,0.107785,0.044054
heredity,3300,0.112765,0.050667
heredity,3400,0.111496,0.051581
heredity,3500,0.104061,0.049041
heredity,3600,0.104881,0.047468
heredity,3700,0.111564,0.051909
heredity,3800,0.113240,0.051648
heredity,3900,0.110524,0.052814
heredity,4000,0.110663,0.044300
heredity,4100,0.110613,0.047423
heredity,4200,0.122504,0.056473
heredity,4300,0.138403,0.072657
heredity,4400,0.141217,0.069157
heredity,4500,0.145784,0.071120
heredity,4600,0.138415,0.065021
heredity,4700,0.127219,0.058235
heredity,4800,0.128448,0.055540
heredity,4900,0.122840,0.050672
heredity,5000,0.119495,0.050295
heredity,5100,0.121942,0.059722
heredity,5200,0.133298,0.062816
heredity,5300,0.135271,0.065318
heredity,5400,0.133464,0.061587
heredity,5500,0.123067,0.051002
heredity,5600,0.122487,0.057172
heredity,5700,0.128705,0.056725
heredity,5800,0.124364,0.051848
heredity,5900,0.129901,0.051142
heredity,6000,0.128640,0.047151
heredity,6100,0.122212,0.044280
heredity,6200,0.115408,0.039890
heredity,6300,0.111969,0.045819
heredity,6400,0.109759,0.040286
heredity,6500,0.112975,0.043127
heredity,6600,0.120484,0.046868
heredity,6700,0.122662,0.054761
heredity,6800,0.125677,0.061950
heredity,6900,0.120922,0.057434
heredity,7000,0.117789,0.055374
heredity,7100,0.127959,0.054783
heredity,7200,0.131201,0.060897
heredity,7300,0.136768,0.067500
heredity,7400,0.125443,0.059975
heredity,7500,0.120245,0.053205
heredity,7600,0.123803,0.051317
heredity,7700,0.125189,0.060390
heredity,7800,0.128484,0.052700
heredity,7900,0.125531,0.050248
heredity,8000,0.133411,0.052927
heredity,8100,0.135889,0.057239
heredity,8200,0.136304,0.056801
heredity,8300,0.150669,0.070526
heredity,8400,0.156049,0.076417
heredity,8500,0.159120,0.074052
heredity,8600,0.137095,0.056545
heredity,8700,0.142047,0.055865
heredity,8800,0.143315,0.060931
heredity,8900,0.145571,0.057082
heredity,9000,0.149632,0.065129
heredity,9100,0.149223,0.057998
heredity,9200,0.129882,0.044670
heredity,9300,0.129776,0.045681
heredity,9400,0.141700,0.053773
heredity,9500,0.137348,0.049274
heredity,9600,0.133640,0.050359
heredity,9700,0.143692,0.056546
heredity,9800,0.142892,0.057264
heredity,9900,0.147353,0.058207
heredity,10000,0.152237,0.061665
heredity,10100,0.166076,0.072877
heredity,10200,0.156982,0.068698
heredity,10300,0.155693,0.074492
heredity,10400,0.153961,0.075037
heredity,10500,0.142869,0.068640
heredity,10600,0.146856,0.072926
heredity,10700,0.135159,0.068707
heredity,10800,0.145078,0.075904
heredity,10900,0.138351,0.065643
heredity,11000,0.140133,0.066278
heredity,11100,0.120161,0.053812
heredity,11200,0.110774,0.044500
heredity,11300,0.115743,0.053465
heredity,11400,0.124067,0.058108
heredity,11500,0.124968,0.059069
heredity,11600,0.135031,0.065822
heredity,11700,0.131356,0.059489
heredity,11800,0.135864,0.062404
heredity,11900,0.134333,0.061475
heredity,12000,0.133678,0.060254
heredity,12100,0.133982,0.056548
heredity,12200,0.117839,0.045505
heredity,12300,0.121069,0.050232
heredity,12400,0.122293,0.048805
heredity,12500,0.137631,0.054379
heredity,12600,0.145854,0.062170
heredity,12700,0.138515,0.066956
heredity,12800,0.128014,0.059540
heredity,12900,0.126442,0.051002
heredity,13000,0.130463,0.057128
heredity,13100,0.144456,0.062435
heredity,13200,0.144134,0.060373
heredity,13300,0.158974,0.068734
heredity,13400,0.153718,0.062561
heredity,13500,0.149006,0.066374
heredity,13600,0.156715,0.065588
heredity,13700,0.162872,0.066349
heredity,13800,0.151393,0.057941
heredity,13900,0.146294,0.055999
heredity,14000,0.149538,0.052122
heredity,14100,0.150657,0.054441
heredity,14200,0.157998,0.066603
heredity,14300,0.144096,0.061507
heredity,14400,0.142617,0.056972
heredity,14500,0.140094,0.061742
heredity,14600,0.150655,0.069333
heredity,14700,0.142084,0.072239
heredity,14800,0.143644,0.069955
heredity,14900,0.143304,0.062380
heredity,15000,0.154861,0.065168
heredity,15100,0.156598,0.066216
heredity,15200,0.147223,0.061209
heredity,15300,0.146166,0.057413
heredity,15400,0.136655,0.056447
heredity,15500,0.129105,0.054600
heredity,15600,0.135850,0.056272
heredity,15700,0.149820,0.065468
heredity,15800,0.149113,0.060990
heredity,15900,0.134729,0.056020
heredity,16000,0.143058,0.065815
heredity,16100,0.128091,0.061361
heredity,16200,0.130972,0.065803
heredity,16300,0.124766,0.061730
heredity,16400,0.126320,0.060087
heredity,16500,0.135146,0.064442
heredity,16600,0.126633,0.068761
heredity,16700,0.119964,0.056430
heredity,16800,0.122412,0.051865
heredity,16900,0.129714,0.061489
heredity,17000,0.129499,0.063179
heredity,17100,0.113625,0.052955
heredity,17200,0.117552,0.046694
heredity,17300,0.124526,0.052227
heredity,17400,0.137501,0.062436
heredity,17500,0.144727,0.069509
heredity,17600,0.140014,0.057285
heredity,17700,0.141411,0.054152
heredity,17800,0.145512,0.054819
heredity,17900,0.141691,0.058152
heredity,18000,0.136100,0.058544
heredity,18100,0.141838,0.065817
heredity,18200,0.124430,0.055512
heredity,18300,0.119490,0.050652
heredity,18400,0.136432,0.054145
heredity,18500,0.146836,0.061198
heredity,18600,0.157455,0.066563
heredity,18700,0.154723,0.062974
heredity,18800,0.172732,0.071223
heredity,18900,0.177936,0.068864
heredity,19000,0.186546,0.072585
heredity,19100,0.182650,0.068484
heredity,19200,0.195452,0.079459
heredity,19300,0.202461,0.078924
heredity,19400,0.195335,0.075899
heredity,19500,0.183231,0.071873
heredity,19600,0.177670,0.068598
heredity,19700,0.169288,0.066502
heredity,19800,0.164946,0.065337
heredity,19900,0.144756,0.056160
heredity,20000,0.140835,0.049080
heredity,20100,0.151559,0.053615
heredity,20200,0.162322,0.066977
heredity,20300,0.156202,0.066457
heredity,20400,0.164585,0.063886
heredity,20500,0.161779,0.061633
heredity,20600,0.149997,0.055576
heredity,20700,0.157045,0.061944
heredity,20800,0.153240,0.057252
heredity,20900,0.162517,0.066584
heredity,21000,0.158610,0.065684
heredity,21100,0.148603,0.062244
heredity,21200,0.133808,0.058183
heredity,21300,0.133649,0.055919
heredity,21400,0.138717,0.050241
heredity,21500,0.137723,0.048055
heredity,21600,0.121361,0.040015
heredity,21700,0.118172,0.037544
heredity,21800,0.142136,0.054748
heredity,21900,0.147009,0.060822
heredity,22000,0.155093,0.065132
heredity,22100,0.161102,0.059756
heredity,22200,0.168840,0.061230
heredity,22300,0.169269,0.058174
heredity,22400,0.166956,0.059321
heredity,22500,0.169525,0.066211
heredity,22600,0.179427,0.074961
heredity,22700,0.153944,0.058555
heredity,22800,0.165326,0.062883
heredity,22900,0.165237,0.060853
heredity,23000,0.167480,0.065052
heredity,23100,0.163979,0.059774
heredity,23200,0.176592,0.075331
heredity,23300,0.169379,0.075947
heredity,23400,0.172877,0.070930
heredity,23500,0.166403,0.064303
heredity,23600,0.162807,0.063184
heredity,23700,0.160111,0.062307
heredity,23800,0.161061,0.064340
heredity,23900,0.172002,0.065224
heredity,24000,0.166272,0.063517
heredity,24100,0.178146,0.066456
heredity,24200,0.152961,0.053021
heredity,24300,0.163888,0.057019
heredity,24400,0.174411,0.071287
heredity,24500,0.183620,0.077161
heredity,24600,0.172676,0.071727
heredity,24700,0.181814,0.072637
heredity,24800,0.181153,0.077439
heredity,24900,0.176234,0.071168
heredity,25000,0.155249,0.059501
heredity,25100,0.148099,0.048534
heredity,25200,0.145419,0.052247
heredity,25300,0.173664,0.063495
heredity,25400,0.176135,0.071842
heredity,25500,0.182658,0.074793
heredity,25600,0.188883,0.076444
heredity,25700,0.160503,0.061990
heredity,25800,0.165002,0.063447
heredity,25900,0.172862,0.065344
heredity,26000,0.173308,0.060377
heredity,26100,0.173990,0.060476
heredity,26200,0.156472,0.050188
heredity,26300,0.150835,0.051406
heredity,26400,0.146719,0.050872
heredity,26500,0.154103,0.053413
heredity,26600,0.169761,0.057494
heredity,26700,0.171541,0.056777
heredity,26800,0.177474,0.057158
heredity,26900,0.169229,0.058644
heredity,27000,0.159976,0.059999
heredity,27100,0.165233,0.065998
heredity,27200,0.138767,0.060633
heredity,27300,0.124899,0.053085
heredity,27400,0.126303,0.046936
heredity,27500,0.122393,0.039884
heredity,27600,0.145184,0.050692
heredity,27700,0.152200,0.054718
heredity,27800,0.161056,0.066034
heredity,27900,0.163431,0.064762
heredity,28000,0.168552,0.071791
heredity,28100,0.163255,0.075075
heredity,28200,0.181250,0.075234
heredity,28300,0.184612,0.076920
heredity,28400,0.177675,0.066662
heredity,28500,0.172936,0.063350
heredity,28600,0.160304,0.057347
heredity,28700,0.129859,0.040509
heredity,28800,0.140778,0.044863
heredity,28900,0.143870,0.045260
heredity,29000,0.150352,0.054013
heredity,29100,0.161821,0.059415
heredity,29200,0.168670,0.068816
heredity,29300,0.165895,0.062140
heredity,29400,0.162129,0.061136
heredity,29500,0.175898,0.073201
heredity,29600,0.175074,0.075102
heredity,29700,0.178756,0.075873
heredity,29800,0.162974,0.065589
heredity,29900,0.168651,0.065399
heredity,30000,0.168747,0.063613
heredity,30100,0.166046,0.060949
heredity,30200,0.165351,0.068848
heredity,30300,0.174316,0.074600
heredity,30400,0.172417,0.064191
heredity,30500,0.176374,0.069374
heredity,30600,0.175534,0.062248
heredity,30700,0.172775,0.069599
heredity,30800,0.174271,0.065581
heredity,30900,0.184946,0.077195
heredity,31000,0.180099,0.072073
heredity,31100,0.167243,0.065187
heredity,31200,0.166710,0.063157
heredity,31300,0.154426,0.055972
heredity,31400,0.164464,0.060054
heredity,31500,0.174199,0.062535
heredity,31600,0.164810,0.060410
heredity,31700,0.135282,0.043555
heredity,31800,0.142245,0.046792
heredity,31900,0.148420,0.055253
heredity,32000,0.146786,0.051209
heredity,32100,0.144718,0.049252
heredity,32200,0.154581,0.060897
heredity,32300,0.166396,0.067128
heredity,32400,0.164264,0.066190
heredity,32500,0.165331,0.069190
heredity,32600,0.163567,0.071160
heredity,32700,0.180557,0.078307
heredity,32800,0.183850,0.075687
heredity,32900,0.182701,0.074191
heredity,33000,0.174367,0.066611
heredity,33100,0.188520,0.076908
heredity,33200,0.166174,0.062670
heredity,33300,0.171074,0.068041
heredity,33400,0.161195,0.066948
heredity,33500,0.159471,0.064550
heredity,33600,0.164667,0.064108
heredity,33700,0.162961,0.064703
heredity,33800,0.176041,0.072062
heredity,33900,0.178277,0.075731
heredity,34000,0.190407,0.077390
heredity,34100,0.170439,0.068014
heredity,34200,0.160835,0.059314
heredity,34300,0.159868,0.065844
heredity,34400,0.160947,0.074362
heredity,34500,0.166601,0.073354
heredity,34600,0.166409,0.077473
heredity,34700,0.146646,0.058651
heredity,34800,0.156417,0.061601
heredity,34900,0.153992,0.053325
heredity,35000,0.149667,0.057368
heredity,35100,0.145858,0.056125
heredity,35200,0.136411,0.056039
heredity,35300,0.148528,0.059015
heredity,35400,0.154119,0.062471
heredity,35500,0.159860,0.065648
heredity,35600,0.167184,0.067831
heredity,35700,0.170785,0.067730
heredity,35800,0.177975,0.070178
heredity,35900,0.185231,0.075877
heredity,36000,0.191799,0.068739
heredity,36100,0.194608,0.069849
heredity,36200,0.180071,0.067531
heredity,36300,0.169505,0.061565
heredity,36400,0.170788,0.060305
heredity,36500,0.172339,0.061917
heredity,36600,0.190508,0.070788
heredity,36700,0.214589,0.080276
heredity,36800,0.193305,0.067849
heredity,36900,0.179748,0.060607
heredity,37000,0.166953,0.051163
heredity,37100,0.178541,0.055415
heredity,37200,0.193711,0.060928
heredity,37300,0.187821,0.064098
heredity,37400,0.205596,0.065930
heredity,37500,0.216847,0.075039
heredity,37600,0.224677,0.075569
heredity,37700,0.206219,0.065583
heredity,37800,0.208310,0.072339
heredity,37900,0.209575,0.076925
heredity,38000,0.199815,0.071258
heredity,38100,0.197908,0.064983
heredity,38200,0.208948,0.068750
heredity,38300,0.220472,0.074878
heredity,38400,0.212587,0.070834
heredity,38500,0.217034,0.072866
heredity,38600,0.215213,0.072183
heredity,38700,0.227926,0.072798
heredity,38800,0.237069,0.080222
heredity,38900,0.222248,0.071070
heredity,39000,0.207398,0.066789
heredity,39100,0.197342,0.072300
heredity,39200,0.177604,0.070437
heredity,39300,0.179835,0.072810
heredity,39400,0.160594,0.063224
heredity,39500,0.154680,0.053820
heredity,39600,0.162971,0.061815
heredity,39700,0.162656,0.064677
heredity,39800,0.161798,0.064327
heredity,39900,0.167053,0.064468
heredity,40000,0.164478,0.065216
heredity,40100,0.174472,0.071320
heredity,40200,0.194348,0.083327
heredity,40300,0.198384,0.079149
heredity,40400,0.202697,0.079746
heredity,40500,0.214344,0.081032
heredity,40600,0.222469,0.084711
heredity,40700,0.187721,0.067746
heredity,40800,0.196360,0.065647
heredity,40900,0.198060,0.076997
heredity,41000,0.195723,0.080396
heredity,41100,0.184634,0.072526
heredity,41200,0.175033,0.069578
heredity,41300,0.187016,0.077874
heredity,41400,0.180174,0.075147
heredity,41500,0.168064,0.064492
heredity,41600,0.159823,0.053897
heredity,41700,0.160613,0.055821
heredity,41800,0.189827,0.065633
heredity,41900,0.203232,0.072855
heredity,42000,0.202924,0.072390
heredity,42100,0.227734,0.083785
heredity,42200,0.190714,0.066342
heredity,42300,0.206751,0.072644
heredity,42400,0.207585,0.072832
heredity,42500,0.195856,0.071824
heredity,42600,0.203698,0.075414
heredity,42700,0.185437,0.071820
heredity,42800,0.196496,0.071413
heredity,42900,0.191521,0.071557
heredity,43000,0.196165,0.070390
heredity,43100,0.206984,0.078775
heredity,43200,0.184495,0.063335
heredity,43300,0.195825,0.068119
heredity,43400,0.200829,0.067571
heredity,43500,0.220302,0.077047
heredity,43600,0.230593,0.085905
heredity,43700,0.190009,0.068990
heredity,43800,0.166738,0.064106
heredity,43900,0.177111,0.065354
heredity,44000,0.198572,0.083019
heredity,44100,0.195058,0.080416
heredity,44200,0.181779,0.071357
heredity,44300,0.180636,0.064709
heredity,44400,0.190858,0.068509
heredity,44500,0.189935,0.066476
heredity,44600,0.176700,0.059374
heredity,44700,0.169614,0.057107
heredity,44800,0.181004,0.064103
heredity,44900,0.185646,0.070049
heredity,45000,0.182056,0.068874
heredity,45100,0.185329,0.073197
heredity,45200,0.156323,0.056835
heredity,45300,0.165682,0.059577
heredity,45400,0.179524,0.065839
heredity,45500,0.182904,0.068488
heredity,45600,0.181330,0.072138
heredity,45700,0.181632,0.069350
heredity,45800,0.175372,0.066650
heredity,45900,0.166455,0.064504
heredity,46000,0.168124,0.068960
heredity,46100,0.179866,0.080164
heredity,46200,0.167343,0.072560
heredity,46300,0.166667,0.069747
heredity,46400,0.172330,0.068329
heredity,46500,0.176233,0.068019
heredity,46600,0.189144,0.080584
heredity,46700,0.169611,0.070357
heredity,46800,0.161319,0.065287
heredity,46900,0.159218,0.062526
heredity,47000,0.170709,0.069534
heredity,47100,0.181676,0.074129
heredity,47200,0.184492,0.077139
heredity,47300,0.176168,0.069954
heredity,47400,0.191943,0.079701
heredity,47500,0.187729,0.078564
heredity,47600,0.190933,0.078315
heredity,47700,0.190390,0.077674
heredity,47800,0.185887,0.076515
heredity,47900,0.199969,0.083359
heredity,48000,0.203443,0.086745
heredity,48100,0.204897,0.085080
heredity,48200,0.164779,0.058474
heredity,48300,0.174172,0.064938
heredity,48400,0.188875,0.074318
heredity,48500,0.184094,0.072161
heredity,48600,0.187734,0.074918
heredity,48700,0.183067,0.073637
heredity,48800,0.203879,0.084219
heredity,48900,0.201350,0.083518
heredity,49000,0.193304,0.078116
heredity,49100,0.187379,0.074616
heredity,49200,0.202187,0.084210
heredity,49300,0.210050,0.089720
heredity,49400,0.204923,0.085838
heredity,49500,0.195557,0.080026
heredity,49600,0.200950,0.084679
heredity,49700,0.168765,0.064993
heredity,49800,0.166858,0.063404
heredity,49900,0.172433,0.067365
heredity,50000,0.176253,0.074430
heredity,50100,0.160584,0.064161
heredity,50200,0.167584,0.065286
heredity,50300,0.177416,0.071731
heredity,50400,0.170468,0.072975
heredity,50500,0.171936,0.069977
heredity,50600,0.175698,0.072032
heredity,50700,0.167672,0.066211
heredity,50800,0.181101,0.074832
heredity,50900,0.183470,0.077541
heredity,51000,0.190563,0.080959
heredity,51100,0.191397,0.078423
heredity,51200,0.166310,0.065405
heredity,51300,0.176479,0.071879
heredity,51400,0.184063,0.073625
heredity,51500,0.186244,0.076169
heredity,51600,0.181561,0.073531
heredity,51700,0.181377,0.073276
heredity,51800,0.171901,0.069498
heredity,51900,0.176869,0.071828
heredity,52000,0.172650,0.069953
heredity,52100,0.175115,0.070175
heredity,52200,0.169081,0.067721
heredity,52300,0.163082,0.065474
heredity,52400,0.160020,0.065177
heredity,52500,0.160827,0.065783
heredity,52600,0.165711,0.067551
heredity,52700,0.165083,0.069637
heredity,52800,0.168787,0.070239
heredity,52900,0.171949,0.071190
heredity,53000,0.178888,0.073577
heredity,53100,0.179814,0.073864
heredity,53200,0.182961,0.076238
heredity,53300,0.172861,0.068321
heredity,53400,0.179530,0.071110
heredity,53500,0.186780,0.075009
heredity,53600,0.191813,0.077584
heredity,53700,0.204663,0.084771
heredity,53800,0.201458,0.082911
heredity,53900,0.199986,0.084954
heredity,54000,0.194652,0.082022
heredity,54100,0.189633,0.080129
heredity,54200,0.181936,0.074528
heredity,54300,0.183909,0.076418
heredity,54400,0.193576,0.082262
heredity,54500,0.201143,0.085225
heredity,54600,0.193452,0.081036
heredity,54700,0.197278,0.084475
heredity,54800,0.188321,0.076463
heredity,54900,0.199227,0.083605
heredity,55000,0.191724,0.079750
heredity,55100,0.193059,0.080291
heredity,55200,0.193097,0.081078
heredity,55300,0.189913,0.077559
heredity,55400,0.202266,0.085748
heredity,55500,0.195594,0.081475
heredity,55600,0.200507,0.083096
heredity,55700,0.175028,0.068438
heredity,55800,0.176617,0.069233
heredity,55900,0.179108,0.070683
heredity,56000,0.184672,0.073740
heredity,56100,0.182036,0.071747
heredity,56200,0.180245,0.072786
heredity,56300,0.175582,0.070696
heredity,56400,0.179905,0.074832
heredity,56500,0.180870,0.073537
heredity,56600,0.183988,0.074870
heredity,56700,0.185503,0.075410
heredity,56800,0.188378,0.077295
heredity,56900,0.176764,0.070250
heredity,57000,0.181960,0.074891
heredity,57100,0.182148,0.075237
heredity,57200,0.175981,0.069869
heredity,57300,0.170182,0.066931
heredity,57400,0.176578,0.070386
heredity,57500,0.186061,0.077851
heredity,57600,0.182717,0.075128
heredity,57700,0.173183,0.068623
heredity,57800,0.167515,0.065591
heredity,57900,0.164701,0.064517
heredity,58000,0.168293,0.066267
heredity,58100,0.173067,0.068983
heredity,58200,0.178082,0.072309
heredity,58300,0.178486,0.071844
heredity,58400,0.183288,0.074378
heredity,58500,0.183174,0.075990
heredity,58600,0.176635,0.070535
heredity,58700,0.172104,0.067748
heredity,58800,0.180085,0.072841
heredity,58900,0.181039,0.074207
heredity,59000,0.189321,0.079059
heredity,59100,0.190546,0.080018
heredity,59200,0.188554,0.078489
heredity,59300,0.185702,0.076575
heredity,59400,0.182432,0.074811
heredity,59500,0.184412,0.075823
heredity,59600,0.179969,0.073804
heredity,59700,0.181359,0.074338
heredity,59800,0.186084,0.076812
heredity,59900,0.189879,0.079489
heredity,60000,0.189689,0.079341
heredity,60100,0.185239,0.076297
heredity,60200,0.184883,0.076089
heredity+hill,0,0.064344,0.008107
heredity+hill,100,0.064344,0.008107
heredity+hill,200,0.064344,0.008107
heredity+hill,300,0.239101,0.018475
heredity+hill,400,0.236603,0.035854
heredity+hill,500,0.205858,0.036371
heredity+hill,600,0.204579,0.038761
heredity+hill,700,0.270107,0.041592
heredity+hill,800,0.311567,0.046808
heredity+hill,900,0.303442,0.052914
heredity+hill,1000,0.299347,0.053309
heredity+hill,1100,0.329606,0.060526
heredity+hill,1200,0.353040,0.066662
heredity+hill,1300,0.353631,0.068425
heredity+hill,1400,0.343315,0.068641
heredity+hill,1500,0.381472,0.068091
heredity+hill,1600,0.414642,0.079063
heredity+hill,1700,0.395439,0.066110
heredity+hill,1800,0.411223,0.070163
heredity+hill,1900,0.417375,0.075300
heredity+hill,2000,0.424722,0.075619
heredity+hill,2100,0.441273,0.076462
heredity+hill,2200,0.417458,0.070203
heredity+hill,2300,0.434819,0.068029
heredity+hill,2400,0.452393,0.073501
heredity+hill,2500,0.458607,0.078444
heredity+hill,2600,0.449115,0.080835
heredity+hill,2700,0.432629,0.074256
heredity+hill,2800,0.458890,0.075431
heredity+hill,2900,0.470699,0.078721
heredity+hill,3000,0.472460,0.082929
heredity+hill,3100,0.474586,0.079916
heredity+hill,3200,0.437920,0.069646
heredity+hill,3300,0.430336,0.069858
heredity+hill,3400,0.431815,0.065319
heredity+hill,3500,0.448892,0.065734
heredity+hill,3600,0.469166,0.069652
heredity+hill,3700,0.477531,0.073216
heredity+hill,3800,0.494628,0.079888
heredity+hill,3900,0.491079,0.075830
heredity+hill,4000,0.505894,0.076331
heredity+hill,4100,0.496916,0.072634
heredity+hill,4200,0.498306,0.078891
heredity+hill,4300,0.492638,0.074669
heredity+hill,4400,0.470490,0.078509
heredity+hill,4500,0.466637,0.075657
heredity+hill,4600,0.486277,0.081346
heredity+hill,4700,0.457102,0.057425
heredity+hill,4800,0.472519,0.062288
heredity+hill,4900,0.483691,0.057523
heredity+hill,5000,0.487006,0.068725
heredity+hill,5100,0.498299,0.071059
heredity+hill,5200,0.500004,0.072969
heredity+hill,5300,0.510285,0.072982
heredity+hill,5400,0.519322,0.082736
heredity+hill,5500,0.538078,0.087668
heredity+hill,5600,0.521815,0.077230
heredity+hill,5700,0.535287,0.076739
heredity+hill,5800,0.550178,0.085790
heredity+hill,5900,0.554183,0.079407
heredity+hill,6000,0.532928,0.079833
heredity+hill,6100,0.513213,0.078831
heredity+hill,6200,0.466737,0.073611
heredity+hill,6300,0.465753,0.076163
heredity+hill,6400,0.454381,0.066122
heredity+hill,6500,0.466800,0.068925
heredity+hill,6600,0.484034,0.071030
heredity+hill,6700,0.460998,0.072871
heredity+hill,6800,0.481472,0.076088
heredity+hill,6900,0.480967,0.074031
heredity+hill,7000,0.504404,0.076864
heredity+hill,7100,0.521196,0.075592
heredity+hill,7200,0.495221,0.064366
heredity+hill,7300,0.521571,0.067035
heredity+hill,7400,0.498973,0.064504
heredity+hill,7500,0.522425,0.067930
heredity+hill,7600,0.533825,0.066787
heredity+hill,7700,0.478267,0.053392
heredity+hill,7800,0.479749,0.055353
heredity+hill,7900,0.461959,0.054723
heredity+hill,8000,0.474450,0.057350
heredity+hill,8100,0.480577,0.060496
heredity+hill,8200,0.463178,0.063748
heredity+hill,8300,0.473940,0.062873
heredity+hill,8400,0.495485,0.068711
heredity+hill,8500,0.507980,0.062741
heredity+hill,8600,0.511355,0.064582
heredity+hill,8700,0.519388,0.066351
heredity+hill,8800,0.529288,0.065870
heredity+hill,8900,0.518999,0.072518
heredity+hill,9000,0.512577,0.072770
heredity+hill,9100,0.518906,0.070564
heredity+hill,9200,0.476205,0.060381
heredity+hill,9300,0.458086,0.061043
heredity+hill,9400,0.465556,0.059269
heredity+hill,9500,0.496664,0.062703
heredity+hill,9600,0.501003,0.056294
heredity+hill,9700,0.491569,0.058488
heredity+hill,9800,0.492383,0.057786
heredity+hill,9900,0.505054,0.064072
heredity+hill,10000,0.510702,0.065082
heredity+hill,10100,0.497809,0.065132
heredity+hill,10200,0.501009,0.065232
heredity+hill,10300,0.499991,0.068231
heredity+hill,10400,0.508160,0.068476
heredity+hill,10500,0.522854,0.071244
heredity+hill,10600,0.507447,0.068525
heredity+hill,10700,0.456547,0.063345
heredity+hill,10800,0.475895,0.054158
heredity+hill,10900,0.491018,0.057310
heredity+hill,11000,0.499477,0.061573
heredity+hill,11100,0.500157,0.057514
heredity+hill,11200,0.526829,0.060090
heredity+hill,11300,0.532767,0.055352
heredity+hill,11400,0.546304,0.053664
heredity+hill,11500,0.536326,0.060646
heredity+hill,11600,0.530705,0.065753
heredity+hill,11700,0.512391,0.075645
heredity+hill,11800,0.526526,0.069867
heredity+hill,11900,0.533585,0.073496
heredity+hill,12000,0.547199,0.067995
heredity+hill,12100,0.547643,0.063951
heredity+hill,12200,0.518586,0.056274
heredity+hill,12300,0.499830,0.058733
heredity+hill,12400,0.493934,0.057036
heredity+hill,12500,0.502406,0.052335
heredity+hill,12600,0.505730,0.055046
heredity+hill,12700,0.497867,0.051202
heredity+hill,12800,0.491455,0.056063
heredity+hill,12900,0.496611,0.055664
heredity+hill,13000,0.495965,0.057248
heredity+hill,13100,0.499737,0.056557
heredity+hill,13200,0.499759,0.064104
heredity+hill,13300,0.526050,0.073083
heredity+hill,13400,0.525318,0.067032
heredity+hill,13500,0.558655,0.066222
heredity+hill,13600,0.558536,0.063533
heredity+hill,13700,0.499786,0.052498
heredity+hill,13800,0.492122,0.051649
heredity+hill,13900,0.510458,0.054018
heredity+hill,14000,0.502989,0.051017
heredity+hill,14100,0.501133,0.052147
heredity+hill,14200,0.502303,0.058154
heredity+hill,14300,0.508163,0.065940
heredity+hill,14400,0.518098,0.070274
heredity+hill,14500,0.512178,0.068913
heredity+hill,14600,0.525707,0.070109
heredity+hill,14700,0.544669,0.075307
heredity+hill,14800,0.522933,0.071460
heredity+hill,14900,0.525180,0.068370
heredity+hill,15000,0.497194,0.068108
heredity+hill,15100,0.526012,0.068484
heredity+hill,15200,0.497909,0.058138
heredity+hill,15300,0.494751,0.062422
heredity+hill,15400,0.480655,0.063471
heredity+hill,15500,0.493557,0.061885
heredity+hill,15600,0.500163,0.058497
heredity+hill,15700,0.492288,0.059628
heredity+hill,15800,0.512471,0.058709
heredity+hill,15900,0.496262,0.057542
heredity+hill,16000,0.501999,0.058952
heredity+hill,16100,0.500659,0.065758
heredity+hill,16200,0.521105,0.064521
heredity+hill,16300,0.542360,0.065882
heredity+hill,16400,0.530897,0.067203
heredity+hill,16500,0.538984,0.066889
heredity+hill,16600,0.539740,0.068745
heredity+hill,16700,0.514292,0.059634
heredity+hill,16800,0.504192,0.057950
heredity+hill,16900,0.511310,0.056245
heredity+hill,17000,0.503076,0.055591
heredity+hill,17100,0.502943,0.054724
heredity+hill,17200,0.514296,0.055206
heredity+hill,17300,0.541076,0.064049
heredity+hill,17400,0.518556,0.062479
heredity+hill,17500,0.520580,0.060819
heredity+hill,17600,0.529134,0.059845
heredity+hill,17700,0.556179,0.052005
heredity+hill,17800,0.563480,0.061586
heredity+hill,17900,0.547962,0.054917
heredity+hill,18000,0.566565,0.070212
heredity+hill,18100,0.570607,0.065995
heredity+hill,18200,0.493921,0.058828
heredity+hill,18300,0.500514,0.059433
heredity+hill,18400,0.491356,0.067400
heredity+hill,18500,0.500915,0.064624
heredity+hill,18600,0.499592,0.056618
heredity+hill,18700,0.529282,0.061346
heredity+hill,18800,0.543778,0.057839
heredity+hill,18900,0.538545,0.065932
heredity+hill,19000,0.542602,0.067514
heredity+hill,19100,0.541521,0.064392
heredity+hill,19200,0.539152,0.068560
heredity+hill,19300,0.530353,0.065213
heredity+hill,19400,0.533292,0.071890
heredity+hill,19500,0.538290,0.070521
heredity+hill,19600,0.540513,0.069088
heredity+hill,19700,0.496090,0.055582
heredity+hill,19800,0.506114,0.053647
heredity+hill,19900,0.491708,0.051724
heredity+hill,20000,0.502110,0.051496
heredity+hill,20100,0.508309,0.054644
heredity+hill,20200,0.501663,0.056757
heredity+hill,20300,0.500819,0.059127
heredity+hill,20400,0.513449,0.057679
heredity+hill,20500,0.522561,0.060828
heredity+hill,20600,0.541218,0.062344
heredity+hill,20700,0.525437,0.059089
heredity+hill,20800,0.526494,0.060038
heredity+hill,20900,0.556793,0.064560
heredity+hill,21000,0.569954,0.074515
heredity+hill,21100,0.564944,0.062728
heredity+hill,21200,0.513158,0.057130
heredity+hill,21300,0.522838,0.057905
heredity+hill,21400,0.510831,0.059843
heredity+hill,21500,0.535254,0.055337
heredity+hill,21600,0.525642,0.062697
heredity+hill,21700,0.516905,0.055191
heredity+hill,21800,0.498596,0.054653
heredity+hill,21900,0.504690,0.062159
heredity+hill,22000,0.521098,0.053896
heredity+hill,22100,0.512374,0.058923
heredity+hill,22200,0.522297,0.060226
heredity+hill,22300,0.525598,0.062010
heredity+hill,22400,0.540591,0.053689
heredity+hill,22500,0.538719,0.053447
heredity+hill,22600,0.552251,0.061560
heredity+hill,22700,0.524725,0.058451
heredity+hill,22800,0.516823,0.063939
heredity+hill,22900,0.534495,0.062492
heredity+hill,23000,0.524831,0.065966
heredity+hill,23100,0.536048,0.064691
heredity+hill,23200,0.511256,0.054190
heredity+hill,23300,0.540087,0.049618
heredity+hill,23400,0.535405,0.049403
heredity+hill,23500,0.543292,0.047889
heredity+hill,23600,0.526843,0.046886
heredity+hill,23700,0.531978,0.057820
heredity+hill,23800,0.544395,0.056443
heredity+hill,23900,0.559450,0.054527
heredity+hill,24000,0.580391,0.058115
heredity+hill,24100,0.561650,0.056307
heredity+hill,24200,0.520567,0.049411
heredity+hill,24300,0.516240,0.051221
heredity+hill,24400,0.529762,0.051719
heredity+hill,24500,0.538806,0.055747
heredity+hill,24600,0.527654,0.051417
heredity+hill,24700,0.534788,0.045207
heredity+hill,24800,0.546627,0.039478
heredity+hill,24900,0.555440,0.047816
heredity+hill,25000,0.558654,0.052629
heredity+hill,25100,0.543933,0.042469
heredity+hill,25200,0.540861,0.047127
heredity+hill,25300,0.531973,0.035515
heredity+hill,25400,0.536126,0.038533
heredity+hill,25500,0.534328,0.041612
heredity+hill,25600,0.542262,0.046188
heredity+hill,25700,0.497158,0.048149
heredity+hill,25800,0.505996,0.049715
heredity+hill,25900,0.513958,0.049963
heredity+hill,26000,0.501616,0.047745
heredity+hill,26100,0.520557,0.044355
heredity+hill,26200,0.513636,0.054579
heredity+hill,26300,0.532123,0.056920
heredity+hill,26400,0.532275,0.050902
heredity+hill,26500,0.549603,0.045575
heredity+hill,26600,0.546260,0.039219
heredity+hill,26700,0.578367,0.040431
heredity+hill,26800,0.546079,0.034951
heredity+hill,26900,0.548342,0.042295
heredity+hill,27000,0.563552,0.046207
heredity+hill,27100,0.551298,0.055234
heredity+hill,27200,0.519127,0.049912
heredity+hill,27300,0.546607,0.051042
heredity+hill,27400,0.556602,0.045226
heredity+hill,27500,0.578661,0.055765
heredity+hill,27600,0.549457,0.055228
heredity+hill,27700,0.581342,0.052768
heredity+hill,27800,0.571071,0.053962
heredity+hill,27900,0.559991,0.054105
heredity+hill,28000,0.551784,0.052529
heredity+hill,28100,0.558874,0.056600
heredity+hill,28200,0.540931,0.052200
heredity+hill,28300,0.551951,0.055066
heredity+hill,28400,0.545889,0.058097
heredity+hill,28500,0.545754,0.058524
heredity+hill,28600,0.547795,0.061478
heredity+hill,28700,0.484710,0.039333
heredity+hill,28800,0.491578,0.042815
heredity+hill,28900,0.486098,0.047796
heredity+hill,29000,0.512256,0.049556
heredity+hill,29100,0.500835,0.045794
heredity+hill,29200,0.507806,0.046413
heredity+hill,29300,0.524068,0.050875
heredity+hill,29400,0.516749,0.047611
heredity+hill,29500,0.510385,0.045972
heredity+hill,29600,0.526064,0.047756
heredity+hill,29700,0.511305,0.052244
heredity+hill,29800,0.522366,0.066833
heredity+hill,29900,0.528863,0.066283
heredity+hill,30000,0.543271,0.055825
heredity+hill,30100,0.542564,0.051179
heredity+hill,30200,0.516472,0.052545
heredity+hill,30300,0.506160,0.045425
heredity+hill,30400,0.528842,0.047594
heredity+hill,30500,0.542558,0.051160
heredity+hill,30600,0.538758,0.057525
heredity+hill,30700,0.550090,0.061653
heredity+hill,30800,0.550984,0.049417
heredity+hill,30900,0.573643,0.055385
heredity+hill,31000,0.568277,0.050932
heredity+hill,31100,0.563544,0.047564
heredity+hill,31200,0.564144,0.058855
heredity+hill,31300,0.553313,0.057751
heredity+hill,31400,0.559456,0.056400
heredity+hill,31500,0.556516,0.064373
heredity+hill,31600,0.567609,0.059579
heredity+hill,31700,0.507830,0.048771
heredity+hill,31800,0.519110,0.054654
heredity+hill,31900,0.523211,0.054334
heredity+hill,32000,0.509555,0.052761
heredity+hill,32100,0.508314,0.046126
heredity+hill,32200,0.527903,0.051492
heredity+hill,32300,0.555158,0.063103
heredity+hill,32400,0.557237,0.058474
heredity+hill,32500,0.546467,0.050269
heredity+hill,32600,0.575564,0.062680
heredity+hill,32700,0.578198,0.056837
heredity+hill,32800,0.577594,0.053375
heredity+hill,32900,0.574608,0.055673
heredity+hill,33000,0.563835,0.060950
heredity+hill,33100,0.562240,0.062321
heredity+hill,33200,0.510999,0.042252
heredity+hill,33300,0.517880,0.044181
heredity+hill,33400,0.508217,0.049006
heredity+hill,33500,0.510017,0.048048
heredity+hill,33600,0.531574,0.051283
heredity+hill,33700,0.535448,0.057963
heredity+hill,33800,0.545194,0.055116
heredity+hill,33900,0.548375,0.047315
heredity+hill,34000,0.564048,0.038965
heredity+hill,34100,0.546302,0.043507
heredity+hill,34200,0.558648,0.047146
heredity+hill,34300,0.569537,0.052846
heredity+hill,34400,0.585284,0.052269
heredity+hill,34500,0.602110,0.057920
heredity+hill,34600,0.592708,0.067922
heredity+hill,34700,0.545670,0.057434
heredity+hill,34800,0.489317,0.043709
heredity+hill,34900,0.521391,0.050650
heredity+hill,35000,0.520206,0.055811
heredity+hill,35100,0.517479,0.059194
heredity+hill,35200,0.542631,0.062277
heredity+hill,35300,0.539484,0.063065
heredity+hill,35400,0.542343,0.062924
heredity+hill,35500,0.537994,0.060431
heredity+hill,35600,0.532841,0.062260
heredity+hill,35700,0.546336,0.063593
heredity+hill,35800,0.533754,0.059906
heredity+hill,35900,0.535992,0.056593
heredity+hill,36000,0.564059,0.060017
heredity+hill,36100,0.555176,0.059147
heredity+hill,36200,0.530951,0.056139
heredity+hill,36300,0.531068,0.056780
heredity+hill,36400,0.504198,0.058331
heredity+hill,36500,0.506432,0.057405
heredity+hill,36600,0.510747,0.062812
heredity+hill,36700,0.519912,0.053819
heredity+hill,36800,0.544034,0.056383
heredity+hill,36900,0.552852,0.057070
heredity+hill,37000,0.556605,0.059774
heredity+hill,37100,0.544645,0.061825
heredity+hill,37200,0.553328,0.064344
heredity+hill,37300,0.550269,0.071730
heredity+hill,37400,0.545855,0.063883
heredity+hill,37500,0.529860,0.060086
heredity+hill,37600,0.515678,0.057674
heredity+hill,37700,0.486586,0.053298
heredity+hill,37800,0.470261,0.047749
heredity+hill,37900,0.471896,0.055127
heredity+hill,38000,0.478401,0.062510
heredity+hill,38100,0.488550,0.063484
heredity+hill,38200,0.515245,0.062251
heredity+hill,38300,0.528272,0.063508
heredity+hill,38400,0.522093,0.062100
heredity+hill,38500,0.528567,0.062770
heredity+hill,38600,0.553515,0.060952
heredity+hill,38700,0.535196,0.056758
heredity+hill,38800,0.535670,0.060566
heredity+hill,38900,0.523532,0.063859
heredity+hill,39000,0.525601,0.062160
heredity+hill,39100,0.522195,0.062848
heredity+hill,39200,0.523400,0.045914
heredity+hill,39300,0.545949,0.055750
heredity+hill,39400,0.546718,0.053628
heredity+hill,39500,0.542125,0.052338
heredity+hill,39600,0.548530,0.054196
heredity+hill,39700,0.548136,0.058363
heredity+hill,39800,0.550412,0.057970
heredity+hill,39900,0.553895,0.054964
heredity+hill,40000,0.571911,0.058818
heredity+hill,40100,0.581232,0.059390
heredity+hill,40200,0.568758,0.065172
heredity+hill,40300,0.552322,0.059723
heredity+hill,40400,0.546423,0.056476
heredity+hill,40500,0.545130,0.052722
heredity+hill,40600,0.559573,0.050038
heredity+hill,40700,0.505464,0.044781
heredity+hill,40800,0.523206,0.053034
heredity+hill,40900,0.533465,0.059512
heredity+hill,41000,0.516763,0.058381
heredity+hill,41100,0.510576,0.055920
heredity+hill,41200,0.534056,0.060104
heredity+hill,41300,0.571841,0.060343
heredity+hill,41400,0.582729,0.060608
heredity+hill,41500,0.586169,0.056505
heredity+hill,41600,0.587550,0.056085
heredity+hill,41700,0.572186,0.058166
heredity+hill,41800,0.565506,0.056835
heredity+hill,41900,0.586660,0.053150
heredity+hill,42000,0.584315,0.049219
heredity+hill,42100,0.566185,0.047215
heredity+hill,42200,0.537910,0.047597
heredity+hill,42300,0.538018,0.054844
heredity+hill,42400,0.494021,0.053583
heredity+hill,42500,0.494888,0.052631
heredity+hill,42600,0.503887,0.057950
heredity+hill,42700,0.517475,0.052559
heredity+hill,42800,0.540214,0.050888
heredity+hill,42900,0.533906,0.048077
heredity+hill,43000,0.550229,0.058619
heredity+hill,43100,0.562175,0.056660
heredity+hill,43200,0.566103,0.060226
heredity+hill,43300,0.546289,0.066403
heredity+hill,43400,0.550568,0.071978
heredity+hill,43500,0.548560,0.070684
heredity+hill,43600,0.564615,0.064326
heredity+hill,43700,0.534788,0.055352
heredity+hill,43800,0.538805,0.054819
heredity+hill,43900,0.521223,0.055655
heredity+hill,44000,0.514698,0.054828
heredity+hill,44100,0.525611,0.051654
heredity+hill,44200,0.501119,0.054723
heredity+hill,44300,0.530446,0.055208
heredity+hill,44400,0.529991,0.058450
heredity+hill,44500,0.550555,0.060303
heredity+hill,44600,0.558433,0.049844
heredity+hill,44700,0.548503,0.056393
heredity+hill,44800,0.547598,0.063627
heredity+hill,44900,0.515232,0.061139
heredity+hill,45000,0.548614,0.058346
heredity+hill,45100,0.555612,0.057926
heredity+hill,45200,0.548044,0.050308
heredity+hill,45300,0.547368,0.054818
heredity+hill,45400,0.527551,0.054800
heredity+hill,45500,0.519538,0.054754
heredity+hill,45600,0.489969,0.057708
heredity+hill,45700,0.483354,0.058304
heredity+hill,45800,0.491677,0.054554
heredity+hill,45900,0.506986,0.054308
heredity+hill,46000,0.525229,0.051481
heredity+hill,46100,0.519709,0.046871
heredity+hill,46200,0.516311,0.057178
heredity+hill,46300,0.529778,0.054288
heredity+hill,46400,0.539929,0.060550
heredity+hill,46500,0.573864,0.063298
heredity+hill,46600,0.581247,0.062861
heredity+hill,46700,0.552649,0.058394
heredity+hill,46800,0.565964,0.058906
heredity+hill,46900,0.568925,0.053659
heredity+hill,47000,0.566749,0.050225
heredity+hill,47100,0.548046,0.052132
heredity+hill,47200,0.542354,0.044992
heredity+hill,47300,0.563900,0.043146
heredity+hill,47400,0.561830,0.048803
heredity+hill,47500,0.550567,0.051517
heredity+hill,47600,0.543616,0.050093
heredity+hill,47700,0.559579,0.049247
heredity+hill,47800,0.567349,0.057890
heredity+hill,47900,0.574434,0.054829
heredity+hill,48000,0.557816,0.042451
heredity+hill,48100,0.564926,0.051625
heredity+hill,48200,0.499810,0.053569
heredity+hill,48300,0.516905,0.054567
heredity+hill,48400,0.526279,0.049584
heredity+hill,48500,0.546911,0.049744
heredity+hill,48600,0.533438,0.050760
heredity+hill,48700,0.522970,0.044758
heredity+hill,48800,0.530444,0.042706
heredity+hill,48900,0.545411,0.051730
heredity+hill,49000,0.550567,0.048629
heredity+hill,49100,0.557487,0.054914
heredity+hill,49200,0.539984,0.066537
heredity+hill,49300,0.532674,0.059059
heredity+hill,49400,0.541853,0.065157
heredity+hill,49500,0.549348,0.065999
heredity+hill,49600,0.572160,0.068397
heredity+hill,49700,0.537680,0.061492
heredity+hill,49800,0.538559,0.063649
heredity+hill,49900,0.545783,0.056607
heredity+hill,50000,0.522591,0.046764
heredity+hill,50100,0.500213,0.047135
heredity+hill,50200,0.510476,0.053678
heredity+hill,50300,0.501216,0.048267
heredity+hill,50400,0.529278,0.057579
heredity+hill,50500,0.540372,0.057603
heredity+hill,50600,0.535959,0.062022
heredity+hill,50700,0.544774,0.065200
heredity+hill,50800,0.523782,0.058931
heredity+hill,50900,0.544208,0.064638
heredity+hill,51000,0.558267,0.063391
heredity+hill,51100,0.557710,0.063429
heredity+hill,51200,0.550151,0.058524
heredity+hill,51300,0.531850,0.063258
heredity+hill,51400,0.521208,0.067631
heredity+hill,51500,0.520918,0.060027
heredity+hill,51600,0.535432,0.056345
heredity+hill,51700,0.528429,0.057536
heredity+hill,51800,0.504681,0.053651
heredity+hill,51900,0.488671,0.055531
heredity+hill,52000,0.514941,0.059489
heredity+hill,52100,0.529574,0.066341
heredity+hill,52200,0.524415,0.074870
heredity+hill,52300,0.528150,0.067081
heredity+hill,52400,0.531575,0.070303
heredity+hill,52500,0.520713,0.070261
heredity+hill,52600,0.515526,0.064899
heredity+hill,52700,0.491625,0.055192
heredity+hill,52800,0.492871,0.053797
heredity+hill,52900,0.494014,0.054355
heredity+hill,53000,0.482497,0.051631
heredity+hill,53100,0.496196,0.060829
heredity+hill,53200,0.498392,0.063440
heredity+hill,53300,0.501747,0.069391
heredity+hill,53400,0.487369,0.063462
heredity+hill,53500,0.489106,0.068239
heredity+hill,53600,0.490600,0.060074
heredity+hill,53700,0.507540,0.056914
heredity+hill,53800,0.529249,0.054193
heredity+hill,53900,0.539709,0.057688
heredity+hill,54000,0.549054,0.053061
heredity+hill,54100,0.577661,0.061976
heredity+hill,54200,0.528016,0.055026
heredity+hill,54300,0.525159,0.056983
heredity+hill,54400,0.518397,0.061163
heredity+hill,54500,0.520750,0.059503
heredity+hill,54600,0.511389,0.057609
heredity+hill,54700,0.510371,0.055090
heredity+hill,54800,0.526044,0.061441
heredity+hill,54900,0.525601,0.058902
heredity+hill,55000,0.526442,0.055096
heredity+hill,55100,0.536111,0.061220
heredity+hill,55200,0.534419,0.060377
heredity+hill,55300,0.546126,0.064073
heredity+hill,55400,0.548319,0.066388
heredity+hill,55500,0.545157,0.063546
heredity+hill,55600,0.531867,0.066723
heredity+hill,55700,0.495025,0.062219
heredity+hill,55800,0.511356,0.064257
heredity+hill,55900,0.522554,0.065508
heredity+hill,56000,0.513495,0.060083
heredity+hill,56100,0.536298,0.060304
heredity+hill,56200,0.527622,0.058306
heredity+hill,56300,0.529953,0.057941
heredity+hill,56400,0.525765,0.064629
heredity+hill,56500,0.532395,0.066677
heredity+hill,56600,0.547043,0.064003
heredity+hill,56700,0.546023,0.066859
heredity+hill,56800,0.537717,0.062413
heredity+hill,56900,0.538930,0.064520
heredity+hill,57000,0.552084,0.068370
heredity+hill,57100,0.557133,0.068914
heredity+hill,57200,0.522752,0.051312
heredity+hill,57300,0.513448,0.053871
heredity+hill,57400,0.519672,0.061733
heredity+hill,57500,0.503040,0.061681
heredity+hill,57600,0.500673,0.059350
heredity+hill,57700,0.520159,0.058513
heredity+hill,57800,0.536095,0.071195
heredity+hill,57900,0.541633,0.068635
heredity+hill,58000,0.545534,0.069710
heredity+hill,58100,0.531039,0.069091
heredity+hill,58200,0.546043,0.066182
heredity+hill,58300,0.533479,0.057555
heredity+hill,58400,0.562853,0.057967
heredity+hill,58500,0.560105,0.059791
heredity+hill,58600,0.572458,0.062532
heredity+hill,58700,0.530393,0.063219
heredity+hill,58800,0.533624,0.058868
heredity+hill,58900,0.520341,0.056856
heredity+hill,59000,0.508106,0.057736
heredity+hill,59100,0.521265,0.059223
heredity+hill,59200,0.536311,0.061192
heredity+hill,59300,0.538037,0.057040
heredity+hill,59400,0.541309,0.057463
heredity+hill,59500,0.524915,0.061780
heredity+hill,59600,0.541850,0.065212
heredity+hill,59700,0.532609,0.060163
heredity+hill,59800,0.521738,0.058754
heredity+hill,59900,0.532765,0.053544
heredity+hill,60000,0.534524,0.056922
heredity+hill,60100,0.536723,0.056249
heredity+hill,60200,0.502557,0.049279
heredity+hill,60300,0.513787,0.054087
heredity+hill,60400,0.504700,0.054143
heredity+hill,60500,0.506992,0.063505
heredity+hill,60600,0.514515,0.063716
heredity+hill,60700,0.523705,0.061246
heredity+hill,60800,0.541435,0.064703
heredity+hill,60900,0.542207,0.063879
heredity+hill,61000,0.530393,0.069524
heredity+hill,61100,0.505767,0.068487
heredity+hill,61200,0.525828,0.076760
heredity+hill,61300,0.535364,0.072507
heredity+hill,61400,0.528513,0.074430
heredity+hill,61500,0.545224,0.074619
heredity+hill,61600,0.552960,0.068044
heredity+hill,61700,0.541400,0.064813
heredity+hill,61800,0.538367,0.065575
heredity+hill,61900,0.549142,0.067673
heredity+hill,62000,0.531823,0.063597
heredity+hill,62100,0.522309,0.064315
heredity+hill,62200,0.525665,0.064100
heredity+hill,62300,0.527628,0.060994
heredity+hill,62400,0.550671,0.056716
heredity+hill,62500,0.558285,0.060320
heredity+hill,62600,0.577637,0.062077
heredity+hill,62700,0.570533,0.063987
heredity+hill,62800,0.559687,0.063813
heredity+hill,62900,0.549419,0.065067
heredity+hill,63000,0.542931,0.068924
heredity+hill,63100,0.547771,0.062208
heredity+hill,63200,0.492242,0.059596
heredity+hill,63300,0.506809,0.062547
heredity+hill,63400,0.523759,0.060496
heredity+hill,63500,0.539156,0.063066
heredity+hill,63600,0.528562,0.058634
heredity+hill,63700,0.546559,0.062734
heredity+hill,63800,0.561273,0.066849
heredity+hill,63900,0.563644,0.074546
heredity+hill,64000,0.545631,0.072743
heredity+hill,64100,0.552804,0.066676
heredity+hill,64200,0.550726,0.062157
heredity+hill,64300,0.573177,0.066553
heredity+hill,64400,0.568995,0.069488
heredity+hill,64500,0.576937,0.071721
heredity+hill,64600,0.576224,0.071705
heredity+hill,64700,0.521368,0.057838
heredity+hill,64800,0.530744,0.066159
heredity+hill,64900,0.515082,0.057482
heredity+hill,65000,0.505087,0.056802
heredity+hill,65100,0.504862,0.051630
heredity+hill,65200,0.516012,0.058898
heredity+hill,65300,0.532218,0.068452
heredity+hill,65400,0.521920,0.064196
heredity+hill,65500,0.550527,0.069210
heredity+hill,65600,0.551849,0.067092
heredity+hill,65700,0.562936,0.069407
heredity+hill,65800,0.558838,0.066318
heredity+hill,65900,0.557110,0.065659
heredity+hill,66000,0.565517,0.069324
heredity+hill,66100,0.557243,0.065883
heredity+hill,66200,0.521399,0.054256
heredity+hill,66300,0.526561,0.056974
heredity+hill,66400,0.508319,0.056293
heredity+hill,66500,0.507917,0.055255
heredity+hill,66600,0.489386,0.055165
heredity+hill,66700,0.489738,0.052276
heredity+hill,66800,0.511580,0.056581
heredity+hill,66900,0.513386,0.062929
heredity+hill,67000,0.519929,0.064996
heredity+hill,67100,0.515779,0.064709
heredity+hill,67200,0.507816,0.066471
heredity+hill,67300,0.504028,0.065499
heredity+hill,67400,0.514167,0.064703
heredity+hill,67500,0.522827,0.067184
heredity+hill,67600,0.521574,0.065747
heredity+hill,67700,0.502885,0.057560
heredity+hill,67800,0.517942,0.064069
heredity+hill,67900,0.511748,0.060458
heredity+hill,68000,0.511318,0.059209
heredity+hill,68100,0.517385,0.060599
heredity+hill,68200,0.520532,0.062871
heredity+hill,68300,0.525875,0.067050
heredity+hill,68400,0.515891,0.062030
heredity+hill,68500,0.532811,0.066341
heredity+hill,68600,0.527091,0.066955
heredity+hill,68700,0.521143,0.066817
heredity+hill,68800,0.522842,0.067531
heredity+hill,68900,0.521095,0.065086
heredity+hill,69000,0.517341,0.061760
heredity+hill,69100,0.517370,0.061308
heredity+hill,69200,0.510286,0.059295
heredity+hill,69300,0.517976,0.062171
heredity+hill,69400,0.522451,0.063016
heredity+hill,69500,0.531752,0.068542
heredity+hill,69600,0.527072,0.064328
heredity+hill,69700,0.520750,0.062038
heredity+hill,69800,0.518041,0.061438
heredity+hill,69900,0.520001,0.063085
heredity+hill,70000,0.510843,0.059533
heredity+hill,70100,0.518842,0.063549
heredity+hill,70200,0.522931,0.065414
heredity+hill,70300,0.523312,0.066465
heredity+hill,70400,0.525989,0.067688
heredity+hill,70500,0.518514,0.065392
heredity+hill,70600,0.526517,0.066972
heredity+hill,70700,0.511329,0.064656
heredity+hill,70800,0.506316,0.059974
heredity+hill,70900,0.506547,0.059797
heredity+hill,71000,0.515428,0.061828
heredity+hill,71100,0.519953,0.063647
heredity+hill,71200,0.521577,0.063488
heredity+hill,71300,0.522673,0.066417
heredity+hill,71400,0.519077,0.063602
heredity+hill,71500,0.521343,0.065326
heredity+hill,71600,0.516141,0.062388
heredity+hill,71700,0.518983,0.063475
heredity+hill,71800,0.524849,0.064968
heredity+hill,71900,0.523804,0.064977
heredity+hill,72000,0.521277,0.064143
heredity+hill,72100,0.522837,0.064254
heredity+hill,72200,0.527195,0.066813
heredity+hill,72300,0.525730,0.065987
heredity+hill,72400,0.531813,0.069249
heredity+hill,72500,0.531363,0.069676
heredity+hill,72600,0.525715,0.066765
heredity+hill,72700,0.524677,0.065117
heredity+hill,72800,0.524786,0.065845
heredity+hill,72900,0.530450,0.068710
heredity+hill,73000,0.529117,0.068088
heredity+hill,73100,0.527710,0.067047
heredity+hill,73200,0.525756,0.065471
heredity+hill,73300,0.527144,0.067525
heredity+hill,73400,0.536831,0.072929
heredity+hill,73500,0.536662,0.073013
heredity+hill,73600,0.535535,0.072965
heredity+hill,73700,0.525160,0.065309
heredity+hill,73800,0.523312,0.064238
heredity+hill,73900,0.513626,0.059645
heredity+hill,74000,0.514468,0.059821
heredity+hill,74100,0.526871,0.066740
heredity+hill,74200,0.520095,0.063009
heredity+hill,74300,0.533551,0.070662
heredity+hill,74400,0.530970,0.068810
heredity+hill,74500,0.535567,0.072152
heredity+hill,74600,0.535318,0.073863
heredity+hill,74700,0.521090,0.064568
heredity+hill,74800,0.518647,0.064223
heredity+hill,74900,0.521586,0.063206
heredity+hill,75000,0.515438,0.060470
heredity+hill,75100,0.515234,0.061682
heredity+hill,75200,0.504482,0.059414
heredity+hill,75300,0.511458,0.059648
heredity+hill,75400,0.523321,0.065646
heredity+hill,75500,0.521899,0.064722
heredity+hill,75600,0.514880,0.061277
heredity+hill,75700,0.511457,0.059111
heredity+hill,75800,0.513795,0.060010
heredity+hill,75900,0.522051,0.064301
heredity+hill,76000,0.509239,0.059014
heredity+hill,76100,0.513372,0.059378
heredity+hill,76200,0.519525,0.065407
heredity+hill,76300,0.520209,0.064482
heredity+hill,76400,0.526130,0.065685
heredity+hill,76500,0.521855,0.064199
heredity+hill,76600,0.523438,0.065930
heredity+hill,76700,0.516244,0.060769
heredity+hill,76800,0.523621,0.065003
heredity+hill,76900,0.526195,0.067638
heredity+hill,77000,0.523086,0.066310
heredity+hill,77100,0.521876,0.065767
heredity+hill,77200,0.521855,0.065143
heredity+hill,77300,0.516408,0.063086
heredity+hill,77400,0.522050,0.063931
heredity+hill,77500,0.515881,0.061897
heredity+hill,77600,0.514217,0.060044
heredity+hill,77700,0.513409,0.060108
heredity+hill,77800,0.530346,0.069318
heredity+hill,77900,0.525554,0.066030
heredity+hill,78000,0.520027,0.063075
heredity+hill,78100,0.526514,0.066505
heredity+hill,78200,0.509165,0.057734
heredity+hill,78300,0.518884,0.064498
heredity+hill,78400,0.515215,0.061360
heredity+hill,78500,0.522713,0.064098
heredity+hill,78600,0.521454,0.065969
heredity+hill,78700,0.532584,0.070895
heredity+hill,78800,0.537925,0.073367
heredity+hill,78900,0.529582,0.068085
heredity+hill,79000,0.522643,0.064582
heredity+hill,79100,0.524427,0.065174
heredity+hill,79200,0.528608,0.067217
heredity+hill,79300,0.524864,0.066301
heredity+hill,79400,0.521029,0.065241
heredity+hill,79500,0.518624,0.066087
heredity+hill,79600,0.518478,0.065938
heredity+hill,79700,0.507388,0.060658
heredity+hill,79800,0.512470,0.060086
heredity+hill,79900,0.513112,0.062292
heredity+hill,80000,0.516246,0.061910
heredity+hill,80100,0.521388,0.063235
heredity+hill,80200,0.528916,0.068167
heredity+hill,80300,0.538055,0.075128
heredity+hill,80400,0.531411,0.070226
heredity+hill,80500,0.528780,0.067301
heredity+hill,80600,0.516967,0.061793
heredity+hill,80700,0.528361,0.067894
heredity+hill,80800,0.533034,0.070244
heredity+hill,80900,0.532787,0.069901
heredity+hill,81000,0.527808,0.067835
heredity+hill,81100,0.535285,0.071578
heredity+hill,81200,0.532457,0.069631
heredity+hill,81300,0.527547,0.066702
heredity+hill,81400,0.524204,0.065617
heredity+hill,81500,0.525213,0.065425
heredity+hill,81600,0.522892,0.064355
heredity+hill,81700,0.521882,0.063950
heredity+hill,81800,0.530262,0.068233
heredity+hill,81900,0.535019,0.071621
heredity+hill,82000,0.534200,0.070966
heredity+hill,82100,0.531025,0.068706
heredity+hill,82200,0.532741,0.069871
heredity+hill,82300,0.532490,0.069693
heredity+hill,82400,0.529305,0.067678
heredity+hill,82500,0.531015,0.068700
heredity+hill,82600,0.533756,0.070623
heredity+hill,82700,0.531244,0.068848
heredity+hill,82800,0.534340,0.071076
heredity+hill,82900,0.531784,0.069205
heredity+hill,83000,0.536573,0.072939
heredity+hill,83100,0.531200,0.068819
heredity+hill,83200,0.531053,0.068724
heredity+hill,83300,0.530865,0.068605
heredity+hill,83400,0.528894,0.067454
heredity+hill,83500,0.530359,0.068291
random,0,0.064344,0.008107
random,100,0.064344,0.008107
random,200,0.064344,0.008107
random,300,0.067051,0.009136
random,400,0.079873,0.009560
random,500,0.077127,0.009277
random,600,0.068537,0.006072
random,700,0.069620,0.009638
random,800,0.069263,0.009675
random,900,0.063947,0.008547
random,1000,0.059236,0.006827
random,1100,0.065792,0.007133
random,1200,0.068822,0.007333
random,1300,0.065679,0.007718
random,1400,0.066228,0.006323
random,1500,0.064456,0.006363
random,1600,0.063699,0.006873
random,1700,0.061127,0.007957
random,1800,0.062835,0.007621
random,1900,0.068001,0.009151
random,2000,0.059445,0.007068
random,2100,0.064178,0.007648
random,2200,0.073349,0.009527
random,2300,0.070707,0.010837
random,2400,0.067402,0.010274
random,2500,0.068944,0.010273
random,2600,0.071717,0.010513
random,2700,0.068835,0.009402
random,2800,0.065880,0.009154
random,2900,0.061475,0.007922
random,3000,0.069685,0.008558
random,3100,0.073329,0.009439
random,3200,0.079018,0.007386
random,3300,0.071060,0.007512
random,3400,0.067939,0.008891
random,3500,0.062569,0.006705
random,3600,0.061683,0.007627
random,3700,0.060693,0.005277
random,3800,0.065607,0.006999
random,3900,0.069215,0.006584
random,4000,0.069220,0.006487
random,4100,0.065946,0.006047
random,4200,0.064363,0.006041
random,4300,0.063183,0.007275
random,4400,0.062028,0.008015
random,4500,0.061691,0.007204
random,4600,0.062473,0.007149
random,4700,0.067212,0.009467
random,4800,0.063226,0.006093
random,4900,0.064523,0.007383
random,5000,0.063732,0.007840
random,5100,0.066049,0.008386
random,5200,0.066564,0.007314
random,5300,0.066143,0.010695
random,5400,0.062466,0.008983
random,5500,0.061513,0.008031
random,5600,0.059119,0.006162
random,5700,0.056755,0.008106
random,5800,0.056233,0.007030
random,5900,0.059168,0.007432
random,6000,0.059588,0.005624
random,6100,0.059927,0.005099
random,6200,0.057376,0.007239
random,6300,0.062131,0.008644
random,6400,0.059201,0.006914
random,6500,0.065443,0.008345
random,6600,0.067925,0.009422
random,6700,0.067297,0.010001
random,6800,0.067093,0.008811
random,6900,0.071417,0.007190
random,7000,0.066162,0.005976
random,7100,0.068858,0.005477
random,7200,0.062148,0.006107
random,7300,0.064797,0.008851
random,7400,0.063098,0.011005
random,7500,0.065908,0.009941
random,7600,0.063733,0.007338
random,7700,0.061481,0.008487
random,7800,0.063827,0.010367
random,7900,0.065081,0.008333
random,8000,0.062927,0.006499
random,8100,0.061192,0.006590
random,8200,0.061969,0.008289
random,8300,0.060798,0.005092
random,8400,0.067977,0.007255
random,8500,0.070895,0.008792
random,8600,0.069062,0.010423
random,8700,0.068818,0.010827
random,8800,0.065136,0.007836
random,8900,0.060061,0.006523
random,9000,0.060843,0.007523
random,9100,0.058287,0.007285
random,9200,0.059378,0.009786
random,9300,0.061898,0.010451
random,9400,0.063118,0.009681
random,9500,0.064385,0.008721
random,9600,0.066017,0.009678
random,9700,0.064766,0.009395
random,9800,0.063222,0.011347
random,9900,0.061474,0.009398
random,10000,0.064774,0.009538
random,10100,0.062304,0.008904
random,10200,0.066656,0.009402
random,10300,0.066298,0.012166
random,10400,0.068597,0.008606
random,10500,0.069597,0.008109
random,10600,0.071606,0.007276
random,10700,0.067698,0.007910
random,10800,0.065562,0.005981
random,10900,0.068276,0.008399
random,11000,0.067711,0.007237
random,11100,0.072812,0.009487
random,11200,0.072701,0.012022
random,11300,0.067944,0.010258
random,11400,0.067232,0.011216
random,11500,0.065894,0.011113
random,11600,0.066309,0.009852
random,11700,0.067569,0.010326
random,11800,0.066768,0.007282
random,11900,0.067360,0.006056
random,12000,0.064404,0.007545
random,12100,0.061608,0.007627
random,12200,0.056593,0.006075
random,12300,0.060061,0.005697
random,12400,0.059098,0.005176
random,12500,0.065545,0.006865
random,12600,0.066482,0.006590
random,12700,0.071790,0.008442
random,12800,0.071023,0.009467
random,12900,0.072978,0.006946
random,13000,0.069757,0.009802
random,13100,0.068324,0.010206
random,13200,0.066591,0.008641
random,13300,0.063097,0.006300
random,13400,0.061690,0.007265
random,13500,0.062713,0.008736
random,13600,0.068373,0.010617
random,13700,0.068560,0.010646
random,13800,0.063375,0.007890
random,13900,0.056801,0.005616
random,14000,0.052410,0.005565
random,14100,0.056959,0.005960
random,14200,0.056616,0.006865
random,14300,0.060406,0.007696
random,14400,0.063252,0.006750
random,14500,0.066408,0.008578
random,14600,0.068374,0.008111
random,14700,0.066539,0.007385
random,14800,0.066347,0.009452
random,14900,0.062531,0.008854
random,15000,0.067362,0.009532
random,15100,0.063820,0.007638
random,15200,0.065141,0.008839
random,15300,0.067472,0.008629
random,15400,0.070888,0.012781
random,15500,0.067320,0.010607
random,15600,0.067468,0.009091
random,15700,0.064934,0.006395
random,15800,0.061415,0.006366
random,15900,0.064814,0.008920
random,16000,0.065943,0.009158
random,16100,0.064644,0.010240
random,16200,0.066508,0.008403
random,16300,0.066328,0.006552
random,16400,0.065801,0.007899
random,16500,0.064441,0.009094
random,16600,0.067478,0.008157
random,16700,0.063040,0.005439
random,16800,0.062069,0.005533
random,16900,0.063223,0.008864
random,17000,0.069002,0.008697
random,17100,0.066010,0.007679
random,17200,0.068853,0.009391
random,17300,0.063337,0.006883
random,17400,0.061171,0.007138
random,17500,0.063507,0.006973
random,17600,0.063238,0.005441
random,17700,0.060662,0.005554
random,17800,0.063665,0.005980
random,17900,0.063544,0.004860
random,18000,0.066015,0.006707
random,18100,0.070211,0.007803
random,18200,0.071140,0.007114
random,18300,0.071362,0.009313
random,18400,0.066202,0.006883
random,18500,0.061776,0.009375
random,18600,0.066532,0.009136
random,18700,0.066926,0.008813
random,18800,0.069394,0.007639
random,18900,0.064776,0.007786
random,19000,0.064243,0.007539
random,19100,0.065926,0.008537
random,19200,0.072934,0.010470
random,19300,0.074111,0.009900
random,19400,0.065305,0.008643
random,19500,0.066897,0.011003
random,19600,0.065942,0.009284
random,19700,0.069685,0.009941
random,19800,0.075012,0.010532
random,19900,0.074710,0.010646
random,20000,0.070804,0.012276
random,20100,0.068040,0.012509
random,20200,0.069965,0.010393
random,20300,0.065389,0.007763
random,20400,0.068100,0.008037
random,20500,0.064529,0.008344
random,20600,0.061942,0.006322
random,20700,0.061293,0.007560
random,20800,0.061509,0.006628
random,20900,0.059500,0.008019
random,21000,0.058842,0.007266
random,21100,0.057733,0.005894
random,21200,0.056766,0.004588
random,21300,0.058465,0.007340
random,21400,0.062181,0.006645
random,21500,0.063631,0.008555
random,21600,0.069228,0.009580
random,21700,0.070127,0.007285
random,21800,0.068779,0.009677
random,21900,0.062814,0.009404
random,22000,0.061984,0.007701
random,22100,0.062023,0.007827
random,22200,0.066664,0.005773
random,22300,0.066523,0.006771
random,22400,0.070342,0.007979
random,22500,0.070219,0.010702
random,22600,0.069671,0.010704
random,22700,0.061992,0.006840
random,22800,0.058724,0.007721
random,22900,0.062060,0.006694
random,23000,0.063246,0.007120
random,23100,0.066812,0.008032
random,23200,0.063916,0.006193
random,23300,0.066180,0.007576
random,23400,0.065362,0.006534
random,23500,0.062125,0.008128
random,23600,0.065347,0.005527
random,23700,0.062051,0.005986
random,23800,0.061926,0.006923
random,23900,0.066082,0.007865
random,24000,0.062460,0.006296
random,24100,0.070802,0.009117
random,24200,0.072173,0.009808
random,24300,0.073644,0.010814
random,24400,0.067241,0.008089
random,24500,0.064685,0.007819
random,24600,0.067307,0.009627
random,24700,0.063333,0.008641
random,24800,0.058006,0.008345
random,24900,0.058225,0.004546
random,25000,0.060108,0.005261
random,25100,0.062670,0.005451
random,25200,0.058592,0.005348
random,25300,0.061173,0.007857
random,25400,0.059321,0.006118
random,25500,0.058011,0.004958
random,25600,0.059778,0.005935
random,25700,0.061464,0.009310
random,25800,0.067951,0.009015
random,25900,0.068685,0.010401
random,26000,0.069933,0.010289
random,26100,0.064840,0.007018
random,26200,0.063619,0.008488
random,26300,0.062270,0.007520
random,26400,0.060081,0.006613
random,26500,0.058553,0.006413
random,26600,0.060357,0.005765
random,26700,0.061018,0.006287
random,26800,0.063801,0.007178
random,26900,0.069406,0.007481
random,27000,0.069390,0.008894
random,27100,0.071672,0.008804
random,27200,0.070903,0.009055
random,27300,0.068152,0.008129
random,27400,0.063203,0.008598
random,27500,0.062763,0.008178
random,27600,0.063222,0.008680
random,27700,0.065468,0.007076
random,27800,0.066833,0.009931
random,27900,0.068150,0.009331
random,28000,0.063467,0.008900
random,28100,0.059129,0.006243
random,28200,0.063619,0.008724
random,28300,0.066235,0.009054
random,28400,0.067889,0.007460
random,28500,0.065450,0.007283
random,28600,0.069832,0.008120
random,28700,0.073751,0.010648
random,28800,0.067125,0.009752
random,28900,0.060941,0.006876
random,29000,0.058917,0.008566
random,29100,0.058821,0.009541
random,29200,0.057500,0.009933
random,29300,0.065878,0.005952
random,29400,0.061616,0.005737
random,29500,0.066579,0.009820
random,29600,0.064620,0.009396
random,29700,0.064210,0.007422
random,29800,0.067424,0.007785
random,29900,0.062059,0.005768
random,30000,0.062003,0.006438
random,30100,0.061831,0.007168
random,30200,0.064475,0.007828
random,30300,0.063080,0.005649
random,30400,0.062609,0.007319
random,30500,0.059201,0.006594
random,30600,0.063634,0.007307
random,30700,0.058703,0.006927
random,30800,0.063127,0.007534
random,30900,0.062080,0.006997
random,31000,0.062509,0.006313
random,31100,0.061253,0.006744
random,31200,0.060427,0.006700
random,31300,0.058816,0.005698
random,31400,0.059588,0.007448
random,31500,0.065116,0.009384
random,31600,0.065880,0.010934
random,31700,0.060950,0.006263
random,31800,0.061650,0.005246
random,31900,0.061827,0.008858
random,32000,0.059097,0.005356
random,32100,0.061256,0.007041
random,32200,0.065470,0.008014
random,32300,0.065819,0.006194
random,32400,0.063267,0.006276
random,32500,0.064504,0.008226
random,32600,0.061641,0.008148
random,32700,0.066398,0.008589
random,32800,0.066807,0.009121
random,32900,0.071159,0.005790
random,33000,0.066819,0.005970
random,33100,0.071276,0.006812
random,33200,0.067448,0.006335
random,33300,0.065991,0.007685
random,33400,0.063029,0.007902
random,33500,0.061306,0.008236
random,33600,0.062234,0.005829
random,33700,0.066954,0.006932
random,33800,0.066102,0.007248
random,33900,0.071032,0.007204
random,34000,0.066096,0.006466
random,34100,0.063382,0.005885
random,34200,0.057983,0.006793
random,34300,0.059293,0.006674
random,34400,0.057730,0.005928
random,34500,0.059806,0.006996
random,34600,0.063464,0.007348
random,34700,0.066931,0.007946
random,34800,0.061850,0.007086
random,34900,0.062479,0.008536
random,35000,0.063856,0.010590
random,35100,0.061565,0.010079
random,35200,0.066928,0.008931
random,35300,0.067365,0.009527
random,35400,0.070321,0.009318
random,35500,0.060770,0.007434
random,35600,0.061140,0.007019
random,35700,0.069384,0.010038
random,35800,0.075364,0.010072
random,35900,0.070506,0.007539
random,36000,0.070707,0.010310
random,36100,0.067546,0.007927
random,36200,0.060904,0.006856
random,36300,0.056490,0.006425
random,36400,0.059663,0.006888
random,36500,0.062571,0.008437
random,36600,0.066272,0.008874
random,36700,0.062129,0.005654
random,36800,0.063030,0.005712
random,36900,0.064631,0.006146
random,37000,0.063356,0.007074
random,37100,0.062101,0.005081
random,37200,0.062183,0.007245
random,37300,0.060383,0.006007
random,37400,0.061406,0.006404
random,37500,0.064727,0.006606
random,37600,0.068719,0.008142
random,37700,0.068851,0.007241
random,37800,0.076606,0.006182
random,37900,0.075090,0.009863
random,38000,0.072750,0.006484
random,38100,0.066877,0.006457
random,38200,0.066044,0.006826
random,38300,0.063874,0.007262
random,38400,0.063127,0.007202
random,38500,0.062674,0.006188
random,38600,0.068233,0.006984
random,38700,0.068115,0.008168
random,38800,0.065525,0.008248
random,38900,0.065345,0.007706
random,39000,0.059483,0.005941
random,39100,0.061743,0.007166
random,39200,0.063549,0.006108
random,39300,0.062272,0.007293
random,39400,0.068274,0.009629
random,39500,0.062244,0.008828
random,39600,0.068343,0.009134
random,39700,0.071135,0.009402
random,39800,0.072496,0.009763
random,39900,0.065523,0.007810
random,40000,0.060144,0.007098
random,40100,0.059989,0.006958
random,40200,0.060379,0.008310
random,40300,0.062131,0.008481
random,40400,0.068653,0.010689
random,40500,0.068947,0.009345
random,40600,0.064428,0.007444
random,40700,0.068647,0.007571
random,40800,0.063193,0.007547
random,40900,0.060283,0.007893
random,41000,0.057685,0.005391
random,41100,0.054440,0.005291
random,41200,0.057887,0.006122
random,41300,0.060423,0.007387
random,41400,0.061303,0.008773
random,41500,0.061758,0.005551
random,41600,0.063288,0.006722
random,41700,0.064287,0.009186
random,41800,0.060957,0.007205
random,41900,0.061996,0.007372
random,42000,0.064108,0.008131
random,42100,0.062997,0.007107
random,42200,0.063656,0.007542
random,42300,0.064257,0.008454
random,42400,0.066804,0.007709
random,42500,0.066663,0.007681
random,42600,0.064607,0.004626
random,42700,0.063718,0.005814
random,42800,0.065290,0.009810
random,42900,0.070425,0.010257
random,43000,0.063488,0.007662
random,43100,0.060020,0.008301
random,43200,0.063788,0.007679
random,43300,0.064341,0.008997
random,43400,0.066897,0.009485
random,43500,0.067026,0.008304
random,43600,0.069784,0.007881
random,43700,0.066414,0.008241
random,43800,0.061071,0.007192
random,43900,0.061892,0.007514
random,44000,0.060023,0.006555
random,44100,0.063122,0.008288
random,44200,0.061825,0.008010
random,44300,0.068286,0.008051
random,44400,0.066459,0.008195
random,44500,0.062289,0.007168
random,44600,0.063908,0.008450
random,44700,0.062107,0.009887
random,44800,0.067401,0.008693
random,44900,0.062545,0.008218
random,45000,0.063334,0.006463
random,45100,0.061669,0.007304
random,45200,0.061247,0.007887
random,45300,0.061006,0.007847
random+hill,0,0.064344,0.008107
random+hill,100,0.064344,0.008107
random+hill,200,0.064344,0.008107
random+hill,300,0.240127,0.019141
random+hill,400,0.151967,0.013447
random+hill,500,0.092930,0.009678
random+hill,600,0.115949,0.015793
random+hill,700,0.165627,0.016171
random+hill,800,0.127069,0.014503
random+hill,900,0.089217,0.012111
random+hill,1000,0.122726,0.015532
random+hill,1100,0.119205,0.016941
random+hill,1200,0.100656,0.016378
random+hill,1300,0.087354,0.013630
random+hill,1400,0.108382,0.016433
random+hill,1500,0.095325,0.017809
random+hill,1600,0.089319,0.012565
random+hill,1700,0.125055,0.015613
random+hill,1800,0.116901,0.018355
random+hill,1900,0.116409,0.017697
random+hill,2000,0.104988,0.012410
random+hill,2100,0.130545,0.020162
random+hill,2200,0.113454,0.016463
random+hill,2300,0.106521,0.018194
random+hill,2400,0.093966,0.017591
random+hill,2500,0.106451,0.018771
random+hill,2600,0.108109,0.017666
random+hill,2700,0.107920,0.016731
random+hill,2800,0.105160,0.010934
random+hill,2900,0.114800,0.012344
random+hill,3000,0.099665,0.012538
random+hill,3100,0.094122,0.014800
random+hill,3200,0.131898,0.017216
random+hill,3300,0.120930,0.015149
random+hill,3400,0.109287,0.016441
random+hill,3500,0.105567,0.014739
random+hill,3600,0.123627,0.014493
random+hill,3700,0.113148,0.020048
random+hill,3800,0.113183,0.013893
random+hill,3900,0.113243,0.017042
random+hill,4000,0.120817,0.019095
random+hill,4100,0.102745,0.014624
random+hill,4200,0.095364,0.017256
random+hill,4300,0.089392,0.011281
random+hill,4400,0.100110,0.012007
random+hill,4500,0.096258,0.014920
random+hill,4600,0.090496,0.013602
random+hill,4700,0.121004,0.016076
random+hill,4800,0.109542,0.013701
random+hill,4900,0.113074,0.018173
random+hill,5000,0.117100,0.019215
random+hill,5100,0.104066,0.017138
random+hill,5200,0.110061,0.011891
random+hill,5300,0.115553,0.017260
random+hill,5400,0.113463,0.011144
random+hill,5500,0.101538,0.008595
random+hill,5600,0.096734,0.013380
random+hill,5700,0.086815,0.014222
random+hill,5800,0.096455,0.013740
random+hill,5900,0.088934,0.011022
random+hill,6000,0.089433,0.009782
random+hill,6100,0.084219,0.011423
random+hill,6200,0.125585,0.019785
random+hill,6300,0.124514,0.016718
random+hill,6400,0.105710,0.017795
random+hill,6500,0.113397,0.017409
random+hill,6600,0.113672,0.013976
random+hill,6700,0.125821,0.020083
random+hill,6800,0.112425,0.019743
random+hill,6900,0.101812,0.015484
random+hill,7000,0.105684,0.017311
random+hill,7100,0.109631,0.014551
random+hill,7200,0.099470,0.013338
random+hill,7300,0.101503,0.013118
random+hill,7400,0.105043,0.017368
random+hill,7500,0.098168,0.014489
random+hill,7600,0.093837,0.014181
random+hill,7700,0.136065,0.016547
random+hill,7800,0.126594,0.016965
random+hill,7900,0.134431,0.018021
random+hill,8000,0.125324,0.017386
random+hill,8100,0.123676,0.019773
random+hill,8200,0.106918,0.016472
random+hill,8300,0.107826,0.013745
random+hill,8400,0.108887,0.013534
random+hill,8500,0.103070,0.012854
random+hill,8600,0.099151,0.008049
random+hill,8700,0.103938,0.010505
random+hill,8800,0.102450,0.015759
random+hill,8900,0.104885,0.015178
random+hill,9000,0.098079,0.016707
random+hill,9100,0.103098,0.016117
random+hill,9200,0.142269,0.014510
random+hill,9300,0.126894,0.015359
random+hill,9400,0.118155,0.014173
random+hill,9500,0.116506,0.011700
random+hill,9600,0.117289,0.017330
random+hill,9700,0.105215,0.017433
random+hill,9800,0.114252,0.018686
random+hill,9900,0.121237,0.021358
random+hill,10000,0.111587,0.021335
random+hill,10100,0.100776,0.014607
random+hill,10200,0.089552,0.014882
random+hill,10300,0.087528,0.013437
random+hill,10400,0.084106,0.012132
random+hill,10500,0.080776,0.013972
random+hill,10600,0.078576,0.015267
random+hill,10700,0.114008,0.014127
random+hill,10800,0.106284,0.015742
random+hill,10900,0.119601,0.017555
random+hill,11000,0.115872,0.015526
random+hill,11100,0.106166,0.012181
random+hill,11200,0.111375,0.015759
random+hill,11300,0.105648,0.019809
random+hill,11400,0.102526,0.011218
random+hill,11500,0.104263,0.015072
random+hill,11600,0.093484,0.013948
random+hill,11700,0.091783,0.011580
random+hill,11800,0.091009,0.014723
random+hill,11900,0.096186,0.017417
random+hill,12000,0.101858,0.013699
random+hill,12100,0.103001,0.013247
random+hill,12200,0.122598,0.018370
random+hill,12300,0.144738,0.019029
random+hill,12400,0.143639,0.015805
random+hill,12500,0.127088,0.015518
random+hill,12600,0.114591,0.015511
random+hill,12700,0.105251,0.014469
random+hill,12800,0.105623,0.015759
random+hill,12900,0.105152,0.015944
random+hill,13000,0.102751,0.013076
random+hill,13100,0.105735,0.014595
random+hill,13200,0.099844,0.015792
random+hill,13300,0.088054,0.011155
random+hill,13400,0.096412,0.013747
random+hill,13500,0.092976,0.014615
random+hill,13600,0.093156,0.010844
random+hill,13700,0.145524,0.018508
random+hill,13800,0.124374,0.013812
random+hill,13900,0.121914,0.013982
random+hill,14000,0.127969,0.012149
random+hill,14100,0.120016,0.012069
random+hill,14200,0.117764,0.017545
random+hill,14300,0.107240,0.011798
random+hill,14400,0.090744,0.011514
random+hill,14500,0.085008,0.011036
random+hill,14600,0.086881,0.010768
random+hill,14700,0.095500,0.010615
random+hill,14800,0.092522,0.008990
random+hill,14900,0.092526,0.010756
random+hill,15000,0.086071,0.013836
random+hill,15100,0.088706,0.012533
random+hill,15200,0.134361,0.016065
random+hill,15300,0.114306,0.015016
random+hill,15400,0.117244,0.014430
random+hill,15500,0.123221,0.015084
random+hill,15600,0.120678,0.017566
random+hill,15700,0.124360,0.011664
random+hill,15800,0.123993,0.015986
random+hill,15900,0.108620,0.016218
random+hill,16000,0.113542,0.015092
random+hill,16100,0.101328,0.016365
random+hill,16200,0.097154,0.011601
random+hill,16300,0.102109,0.014317
random+hill,16400,0.109158,0.012490
random+hill,16500,0.106267,0.013065
random+hill,16600,0.090655,0.011811
random+hill,16700,0.128537,0.012290
random+hill,16800,0.110731,0.017893
random+hill,16900,0.112622,0.015876
random+hill,17000,0.116176,0.018522
random+hill,17100,0.127959,0.016265
random+hill,17200,0.116407,0.016286
random+hill,17300,0.104966,0.016594
random+hill,17400,0.110365,0.017133
random+hill,17500,0.108434,0.013651
random+hill,17600,0.109648,0.012680
random+hill,17700,0.098784,0.015584
random+hill,17800,0.098401,0.014099
random+hill,17900,0.097230,0.012183
random+hill,18000,0.096746,0.011041
random+hill,18100,0.090729,0.012804
random+hill,18200,0.125039,0.014802
random+hill,18300,0.124022,0.016968
random+hill,18400,0.118066,0.016497
random+hill,18500,0.106800,0.014111
random+hill,18600,0.105639,0.016625
random+hill,18700,0.106663,0.013639
random+hill,18800,0.096185,0.013361
random+hill,18900,0.103823,0.012034
random+hill,19000,0.109324,0.014880
random+hill,19100,0.112676,0.015307
random+hill,19200,0.098589,0.011060
random+hill,19300,0.096113,0.014460
random+hill,19400,0.095497,0.013586
random+hill,19500,0.104820,0.014055
random+hill,19600,0.090977,0.013996
random+hill,19700,0.127676,0.018602
random+hill,19800,0.137810,0.020660
random+hill,19900,0.129108,0.015716
random+hill,20000,0.117107,0.014335
random+hill,20100,0.122657,0.019479
random+hill,20200,0.119733,0.016241
random+hill,20300,0.124218,0.018986
random+hill,20400,0.108988,0.014713
random+hill,20500,0.116245,0.014368
random+hill,20600,0.111780,0.011963
random+hill,20700,0.102309,0.010193
random+hill,20800,0.099646,0.013271
random+hill,20900,0.095421,0.012696
random+hill,21000,0.079410,0.013222
random+hill,21100,0.091866,0.015442
random+hill,21200,0.126339,0.017288
random+hill,21300,0.135559,0.019831
random+hill,21400,0.131199,0.016446
random+hill,21500,0.112964,0.013326
random+hill,21600,0.114997,0.017969
random+hill,21700,0.123441,0.015786
random+hill,21800,0.118588,0.016950
random+hill,21900,0.106070,0.011397
random+hill,22000,0.103894,0.014221
random+hill,22100,0.101262,0.015417
random+hill,22200,0.095650,0.013011
random+hill,22300,0.093636,0.010309
random+hill,22400,0.100604,0.012866
random+hill,22500,0.094537,0.012222
random+hill,22600,0.094435,0.012249
random+hill,22700,0.133086,0.017997
random+hill,22800,0.111474,0.013704
random+hill,22900,0.111697,0.019292
random+hill,23000,0.101531,0.013207
random+hill,23100,0.120460,0.018519
random+hill,23200,0.104819,0.015448
random+hill,23300,0.102491,0.013203
random+hill,23400,0.117324,0.014289
random+hill,23500,0.107427,0.016907
random+hill,23600,0.097949,0.012785
random+hill,23700,0.097083,0.017034
random+hill,23800,0.092900,0.015944
random+hill,23900,0.082635,0.014166
random+hill,24000,0.097879,0.015307
random+hill,24100,0.085494,0.012172
random+hill,24200,0.130480,0.018368
random+hill,24300,0.126042,0.014246
random+hill,24400,0.138888,0.011856
random+hill,24500,0.132002,0.016836
random+hill,24600,0.130607,0.016198
random+hill,24700,0.119153,0.013657
random+hill,24800,0.121019,0.017468
random+hill,24900,0.113247,0.017703
random+hill,25000,0.107302,0.015128
random+hill,25100,0.102842,0.012420
random+hill,25200,0.101322,0.012517
random+hill,25300,0.097972,0.013252
random+hill,25400,0.095336,0.013062
random+hill,25500,0.090389,0.010867
random+hill,25600,0.092472,0.011183
random+hill,25700,0.139552,0.020407
random+hill,25800,0.129259,0.023326
random+hill,25900,0.135551,0.013956
random+hill,26000,0.119227,0.011992
random+hill,26100,0.115936,0.011812
random+hill,26200,0.119000,0.019234
random+hill,26300,0.100576,0.017469
random+hill,26400,0.088316,0.017091
random+hill,26500,0.094134,0.014227
random+hill,26600,0.098434,0.015316
random+hill,26700,0.100191,0.016116
random+hill,26800,0.097110,0.016587
random+hill,26900,0.101382,0.021171
random+hill,27000,0.102482,0.014726
random+hill,27100,0.109586,0.014691
random+hill,27200,0.116001,0.012788
random+hill,27300,0.117419,0.011527
random+hill,27400,0.130491,0.012865
random+hill,27500,0.118248,0.013129
random+hill,27600,0.123111,0.018856
random+hill,27700,0.110046,0.013282
random+hill,27800,0.113953,0.017162
random+hill,27900,0.109174,0.016838
random+hill,28000,0.105082,0.013814
random+hill,28100,0.099288,0.011729
random+hill,28200,0.101519,0.013350
random+hill,28300,0.091552,0.011677
random+hill,28400,0.090579,0.013252
random+hill,28500,0.089702,0.016188
random+hill,28600,0.086686,0.013815
random+hill,28700,0.126020,0.019484
random+hill,28800,0.124757,0.012811
random+hill,28900,0.116668,0.018580
random+hill,29000,0.123616,0.014461
random+hill,29100,0.114740,0.014414
random+hill,29200,0.109078,0.019399
random+hill,29300,0.105662,0.015783
random+hill,29400,0.108615,0.016735
random+hill,29500,0.092053,0.012438
random+hill,29600,0.087917,0.011078
random+hill,29700,0.096062,0.012660
random+hill,29800,0.097712,0.017461
random+hill,29900,0.094916,0.013700
random+hill,30000,0.090958,0.012868
random+hill,30100,0.090880,0.009164
random+hill,30200,0.121192,0.015035
random+hill,30300,0.123087,0.016748
random+hill,30400,0.121261,0.013620
random+hill,30500,0.101431,0.013396
random+hill,30600,0.126982,0.016568
random+hill,30700,0.121639,0.017991
random+hill,30800,0.126857,0.018515
random+hill,30900,0.109468,0.016609
random+hill,31000,0.107240,0.010571
random+hill,31100,0.119045,0.013043
random+hill,31200,0.121549,0.016597
random+hill,31300,0.105236,0.015909
random+hill,31400,0.116205,0.017957
random+hill,31500,0.104817,0.017540
random+hill,31600,0.106267,0.010740
random+hill,31700,0.118687,0.014887
random+hill,31800,0.115744,0.015965
random+hill,31900,0.128279,0.014050
random+hill,32000,0.115810,0.015589
random+hill,32100,0.123286,0.014938
random+hill,32200,0.114357,0.012669
random+hill,32300,0.105296,0.017005
random+hill,32400,0.096611,0.017952
random+hill,32500,0.098255,0.014878
random+hill,32600,0.105041,0.014068
random+hill,32700,0.095921,0.014895
random+hill,32800,0.094503,0.010874
random+hill,32900,0.098725,0.011695
random+hill,33000,0.088420,0.015790
random+hill,33100,0.097085,0.014141
random+hill,33200,0.119539,0.016814
random+hill,33300,0.132332,0.016688
random+hill,33400,0.126877,0.015126
random+hill,33500,0.121934,0.011552
random+hill,33600,0.119340,0.010874
random+hill,33700,0.105485,0.012237
random+hill,33800,0.107514,0.013954
random+hill,33900,0.103789,0.013497
random+hill,34000,0.108505,0.013848
random+hill,34100,0.108478,0.012677
random+hill,34200,0.100587,0.012903
random+hill,34300,0.101269,0.016886
random+hill,34400,0.104023,0.016791
random+hill,34500,0.102455,0.017478
random+hill,34600,0.100320,0.011136
random+hill,34700,0.125037,0.021006
random+hill,34800,0.118970,0.018384
random+hill,34900,0.105957,0.017597
random+hill,35000,0.118631,0.021016
random+hill,35100,0.118001,0.014186
random+hill,35200,0.112738,0.011787
random+hill,35300,0.104333,0.012937
random+hill,35400,0.104114,0.014585
random+hill,35500,0.101631,0.013202
random+hill,35600,0.089691,0.014238
random+hill,35700,0.081580,0.011647
random+hill,35800,0.086072,0.011069
random+hill,35900,0.084563,0.012148
random+hill,36000,0.090537,0.012616
random+hill,36100,0.088111,0.009644
random+hill,36200,0.124107,0.012092
random+hill,36300,0.110547,0.012529
random+hill,36400,0.108652,0.011304
random+hill,36500,0.118783,0.019708
random+hill,36600,0.112994,0.015886
random+hill,36700,0.105121,0.014037
random+hill,36800,0.111175,0.015887
random+hill,36900,0.106121,0.015426
random+hill,37000,0.098698,0.012103
random+hill,37100,0.114665,0.015409
random+hill,37200,0.111684,0.021659
random+hill,37300,0.104720,0.016157
random+hill,37400,0.103719,0.015975
random+hill,37500,0.097448,0.016857
random+hill,37600,0.080980,0.013680
random+hill,37700,0.109265,0.014311
random+hill,37800,0.107369,0.015030
random+hill,37900,0.121593,0.012974
random+hill,38000,0.112496,0.015782
random+hill,38100,0.115959,0.018469
random+hill,38200,0.118212,0.015642
random+hill,38300,0.111447,0.013265
random+hill,38400,0.108336,0.020510
random+hill,38500,0.109009,0.019730
random+hill,38600,0.098594,0.015249
random+hill,38700,0.087558,0.013047
random+hill,38800,0.094695,0.015549
random+hill,38900,0.100922,0.015543
random+hill,39000,0.100892,0.015950
random+hill,39100,0.096505,0.015409
random+hill,39200,0.125587,0.017806
random+hill,39300,0.123411,0.021701
random+hill,39400,0.114711,0.015926
random+hill,39500,0.103521,0.010690
random+hill,39600,0.116396,0.016019
random+hill,39700,0.118013,0.011627
random+hill,39800,0.106513,0.011427
random+hill,39900,0.099481,0.012099
random+hill,40000,0.093143,0.011719
random+hill,40100,0.098361,0.014560
random+hill,40200,0.105708,0.012687
random+hill,40300,0.092864,0.012818
random+hill,40400,0.103348,0.016894
random+hill,40500,0.093787,0.011372
random+hill,40600,0.092420,0.010666
random+hill,40700,0.111790,0.017492
random+hill,40800,0.114310,0.021671
random+hill,40900,0.110228,0.015900
random+hill,41000,0.117830,0.014066
random+hill,41100,0.115003,0.017355
random+hill,41200,0.122345,0.018741
random+hill,41300,0.111812,0.016505
random+hill,41400,0.108240,0.015250
random+hill,41500,0.109402,0.016061
random+hill,41600,0.101894,0.013454
random+hill,41700,0.092152,0.015819
random+hill,41800,0.096120,0.016297
random+hill,41900,0.090960,0.014229
random+hill,42000,0.093122,0.019269
random+hill,42100,0.096832,0.018253
random+hill,42200,0.130700,0.019970
random+hill,42300,0.131011,0.016946
random+hill,42400,0.135576,0.015204
random+hill,42500,0.108728,0.013142
random+hill,42600,0.110733,0.012831
random+hill,42700,0.106722,0.012279
random+hill,42800,0.113606,0.018507
random+hill,42900,0.104082,0.019253
random+hill,43000,0.111121,0.015879
random+hill,43100,0.105930,0.013934
random+hill,43200,0.103030,0.016167
random+hill,43300,0.098846,0.012008
random+hill,43400,0.091381,0.014282
random+hill,43500,0.095900,0.012495
random+hill,43600,0.091717,0.013274
random+hill,43700,0.129740,0.018774
random+hill,43800,0.122365,0.013858
random+hill,43900,0.122323,0.013090
random+hill,44000,0.122933,0.013532
random+hill,44100,0.114752,0.011892
random+hill,44200,0.109198,0.016168
random+hill,44300,0.114946,0.017062
random+hill,44400,0.112682,0.016040
random+hill,44500,0.096848,0.014808
random+hill,44600,0.101378,0.016558
random+hill,44700,0.097442,0.014093
random+hill,44800,0.103560,0.014322
random+hill,44900,0.094674,0.012117
random+hill,45000,0.099602,0.014943
random+hill,45100,0.094579,0.012989
random+hill,45200,0.101358,0.012630
random+hill,45300,0.110873,0.011802
random+hill,45400,0.107393,0.015118
random+hill,45500,0.124047,0.014402
random+hill,45600,0.112785,0.016202
random+hill,45700,0.110535,0.020344
random+hill,45800,0.117868,0.014569
random+hill,45900,0.106156,0.012610
random+hill,46000,0.102867,0.014091
random+hill,46100,0.105210,0.013214
random+hill,46200,0.107026,0.012872
